NotificationID,SensorID,Message,AlertType,Timestamp
1,1,"Sensor readings are normal.",Info,"2025-01-01 08:00:00"
2,2,"Sensor readings are normal.",Info,"2025-01-01 09:00:00"
3,3,"Sensor readings are in a dangerous range! Immediate action required.",Critical,"2025-01-01 10:00:00"
4,4,"Sensor readings are outside the normal range. Please check.",Warning,"2025-01-01 11:00:00"
5,5,"Sensor readings are normal.",Info,"2025-01-01 12:00:00"
6,6,"Sensor readings are outside the normal range. Please check.",Warning,"2025-01-01 13:00:00"
7,7,"Sensor readings are normal.",Info,"2025-01-01 14:00:00"
8,8,"Sensor readings are in a dangerous range! Immediate action required.",Critical,"2025-01-01 15:00:00"
9,9,"Sensor readings are outside the normal range. Please check.",Warning,"2025-01-01 16:00:00"
10,10,"Sensor readings are in a dangerous range! Immediate action required.",Critical,"2025-01-01 17:00:00"
11,11,"Sensor readings are normal.",Info,"2025-01-01 18:00:00"
12,12,"Sensor readings are in a dangerous range! Immediate action required.",Critical,"2025-01-01 19:00:00"
13,13,"Sensor readings are outside the normal range. Please check.",Warning,"2025-01-01 20:00:00"
14,14,"Sensor readings are in a dangerous range! Immediate action required.",Critical,"2025-01-01 21:00:00"
15,15,"Sensor readings are outside the normal range. Please check.",Warning,"2025-01-01 22:00:00"
16,16,"Sensor readings are normal.",Info,"2025-01-01 23:00:00"
17,17,"Sensor readings are in a dangerous range! Immediate action required.",Critical,"2025-01-02 00:00:00"
18,18,"Sensor readings are normal.",Info,"2025-01-02 01:00:00"
19,19,"Sensor readings are normal.",Info,"2025-01-02 02:00:00"
20,20,"Sensor readings are outside the normal range. Please check.",Warning,"2025-01-02 03:00:00"
21,21,"Sensor readings are outside the normal range. Please check.",Warning,"2025-01-02 04:00:00"
22,22,"Sensor readings are in a dangerous range! Immediate action required.",Critical,"2025-01-02 05:00:00"
23,23,"Sensor readings are normal.",Info,"2025-01-02 06:00:00"
24,24,"Sensor readings are in a dangerous range! Immediate action required.",Critical,"2025-01-02 07:00:00"
25,25,"Sensor readings are normal.",Info,"2025-01-02 08:00:00"
26,26,"Sensor readings are normal.",Info,"2025-01-02 09:00:00"
27,27,"Sensor readings are outside the normal range. Please check.",Warning,"2025-01-02 10:00:00"
28,28,"Sensor readings are outside the normal range. Please check.",Warning,"2025-01-02 11:00:00"
29,29,"Sensor readings are outside the normal range. Please check.",Warning,"2025-01-02 12:00:00"
30,30,"Sensor readings are in a dangerous range! Immediate action required.",Critical,"2025-01-02 13:00:00"
31,31,"Sensor readings are in a dangerous range! Immediate action required.",Critical,"2025-01-02 14:00:00"
32,32,"Sensor readings are outside the normal range. Please check.",Warning,"2025-01-02 15:00:00"
33,33,"Sensor readings are normal.",Info,"2025-01-02 16:00:00"
34,34,"Sensor readings are normal.",Info,"2025-01-02 17:00:00"
35,35,"Sensor readings are normal.",Info,"2025-01-02 18:00:00"
36,36,"Sensor readings are in a dangerous range! Immediate action required.",Critical,"2025-01-02 19:00:00"
37,37,"Sensor readings are outside the normal range. Please check.",Warning,"2025-01-02 20:00:00"
38,38,"Sensor readings are normal.",Info,"2025-01-02 21:00:00"
39,39,"Sensor readings are outside the normal range. Please check.",Warning,"2025-01-02 22:00:00"
40,40,"Sensor readings are outside the normal range. Please check.",Warning,"2025-01-02 23:00:00"
41,41,"Sensor readings are normal.",Info,"2025-01-03 00:00:00"
42,42,"Sensor readings are normal.",Info,"2025-01-03 01:00:00"
43,43,"Sensor readings are outside the normal range. Please check.",Warning,"2025-01-03 02:00:00"
44,44,"Sensor readings are normal.",Info,"2025-01-03 03:00:00"
45,45,"Sensor readings are in a dangerous range! Immediate action required.",Critical,"2025-01-03 04:00:00"
46,46,"Sensor readings are normal.",Info,"2025-01-03 05:00:00"
47,47,"Sensor readings are normal.",Info,"2025-01-03 06:00:00"
48,48,"Sensor readings are in a dangerous range! Immediate action required.",Critical,"2025-01-03 07:00:00"
49,49,"Sensor readings are normal.",Info,"2025-01-03 08:00:00"
50,50,"Sensor readings are outside the normal range. Please check.",Warning,"2025-01-03 09:00:00"
51,51,"Sensor readings are normal.",Info,"2025-01-03 10:00:00"
52,52,"Sensor readings are outside the normal range. Please check.",Warning,"2025-01-03 11:00:00"
53,53,"Sensor readings are outside the normal range. Please check.",Warning,"2025-01-03 12:00:00"
54,54,"Sensor readings are in a dangerous range! Immediate action required.",Critical,"2025-01-03 13:00:00"
55,55,"Sensor readings are outside the normal range. Please check.",Warning,"2025-01-03 14:00:00"
56,56,"Sensor readings are normal.",Info,"2025-01-03 15:00:00"
57,57,"Sensor readings are outside the normal range. Please check.",Warning,"2025-01-03 16:00:00"
58,58,"Sensor readings are in a dangerous range! Immediate action required.",Critical,"2025-01-03 17:00:00"
59,59,"Sensor readings are outside the normal range. Please check.",Warning,"2025-01-03 18:00:00"
60,60,"Sensor readings are outside the normal range. Please check.",Warning,"2025-01-03 19:00:00"
61,61,"Sensor readings are normal.",Info,"2025-01-03 20:00:00"
62,62,"Sensor readings are in a dangerous range! Immediate action required.",Critical,"2025-01-03 21:00:00"
63,63,"Sensor readings are outside the normal range. Please check.",Warning,"2025-01-03 22:00:00"
64,64,"Sensor readings are in a dangerous range! Immediate action required.",Critical,"2025-01-03 23:00:00"
65,65,"Sensor readings are in a dangerous range! Immediate action required.",Critical,"2025-01-04 00:00:00"
66,66,"Sensor readings are in a dangerous range! Immediate action required.",Critical,"2025-01-04 01:00:00"
67,67,"Sensor readings are in a dangerous range! Immediate action required.",Critical,"2025-01-04 02:00:00"
68,68,"Sensor readings are normal.",Info,"2025-01-04 03:00:00"
69,69,"Sensor readings are outside the normal range. Please check.",Warning,"2025-01-04 04:00:00"
70,70,"Sensor readings are normal.",Info,"2025-01-04 05:00:00"
71,71,"Sensor readings are outside the normal range. Please check.",Warning,"2025-01-04 06:00:00"
72,72,"Sensor readings are in a dangerous range! Immediate action required.",Critical,"2025-01-04 07:00:00"
73,73,"Sensor readings are outside the normal range. Please check.",Warning,"2025-01-04 08:00:00"
74,74,"Sensor readings are normal.",Info,"2025-01-04 09:00:00"
75,75,"Sensor readings are normal.",Info,"2025-01-04 10:00:00"
76,76,"Sensor readings are normal.",Info,"2025-01-04 11:00:00"
77,77,"Sensor readings are normal.",Info,"2025-01-04 12:00:00"
78,78,"Sensor readings are outside the normal range. Please check.",Warning,"2025-01-04 13:00:00"
79,79,"Sensor readings are in a dangerous range! Immediate action required.",Critical,"2025-01-04 14:00:00"
80,80,"Sensor readings are in a dangerous range! Immediate action required.",Critical,"2025-01-04 15:00:00"
81,81,"Sensor readings are outside the normal range. Please check.",Warning,"2025-01-04 16:00:00"
82,82,"Sensor readings are outside the normal range. Please check.",Warning,"2025-01-04 17:00:00"
83,83,"Sensor readings are outside the normal range. Please check.",Warning,"2025-01-04 18:00:00"
84,84,"Sensor readings are in a dangerous range! Immediate action required.",Critical,"2025-01-04 19:00:00"
85,85,"Sensor readings are in a dangerous range! Immediate action required.",Critical,"2025-01-04 20:00:00"
86,86,"Sensor readings are outside the normal range. Please check.",Warning,"2025-01-04 21:00:00"
87,87,"Sensor readings are outside the normal range. Please check.",Warning,"2025-01-04 22:00:00"
88,88,"Sensor readings are in a dangerous range! Immediate action required.",Critical,"2025-01-04 23:00:00"
89,89,"Sensor readings are normal.",Info,"2025-01-05 00:00:00"
90,90,"Sensor readings are normal.",Info,"2025-01-05 01:00:00"
91,91,"Sensor readings are normal.",Info,"2025-01-05 02:00:00"
92,92,"Sensor readings are in a dangerous range! Immediate action required.",Critical,"2025-01-05 03:00:00"
93,93,"Sensor readings are outside the normal range. Please check.",Warning,"2025-01-05 04:00:00"
94,94,"Sensor readings are normal.",Info,"2025-01-05 05:00:00"
95,95,"Sensor readings are outside the normal range. Please check.",Warning,"2025-01-05 06:00:00"
96,96,"Sensor readings are outside the normal range. Please check.",Warning,"2025-01-05 07:00:00"
97,97,"Sensor readings are in a dangerous range! Immediate action required.",Critical,"2025-01-05 08:00:00"
98,98,"Sensor readings are outside the normal range. Please check.",Warning,"2025-01-05 09:00:00"
99,99,"Sensor readings are in a dangerous range! Immediate action required.",Critical,"2025-01-05 10:00:00"
100,100,"Sensor readings are in a dangerous range! Immediate action required.",Critical,"2025-01-05 11:00:00"
101,101,"Sensor readings are outside the normal range. Please check.",Warning,"2025-01-01 08:00:00"
102,102,"Sensor readings are in a dangerous range! Immediate action required.",Critical,"2025-01-02 08:00:00"
103,103,"Sensor readings are normal.",Info,"2025-01-03 08:00:00"
104,104,"Sensor readings are in a dangerous range! Immediate action required.",Critical,"2025-01-04 08:00:00"
105,105,"Sensor readings are outside the normal range. Please check.",Warning,"2025-01-05 08:00:00"
106,106,"Sensor readings are outside the normal range. Please check.",Warning,"2025-01-06 08:00:00"
107,107,"Sensor readings are outside the normal range. Please check.",Warning,"2025-01-07 08:00:00"
108,108,"Sensor readings are outside the normal range. Please check.",Warning,"2025-01-08 08:00:00"
109,109,"Sensor readings are in a dangerous range! Immediate action required.",Critical,"2025-01-09 08:00:00"
110,110,"Sensor readings are normal.",Info,"2025-01-10 08:00:00"
111,111,"Sensor readings are in a dangerous range! Immediate action required.",Critical,"2025-01-11 08:00:00"
112,112,"Sensor readings are in a dangerous range! Immediate action required.",Critical,"2025-01-12 08:00:00"
113,113,"Sensor readings are normal.",Info,"2025-01-13 08:00:00"
114,114,"Sensor readings are in a dangerous range! Immediate action required.",Critical,"2025-01-14 08:00:00"
115,115,"Sensor readings are outside the normal range. Please check.",Warning,"2025-01-15 08:00:00"
116,116,"Sensor readings are in a dangerous range! Immediate action required.",Critical,"2025-01-16 08:00:00"
117,117,"Sensor readings are normal.",Info,"2025-01-17 08:00:00"
118,118,"Sensor readings are outside the normal range. Please check.",Warning,"2025-01-18 08:00:00"
119,119,"Sensor readings are normal.",Info,"2025-01-19 08:00:00"
120,120,"Sensor readings are normal.",Info,"2025-01-20 08:00:00"
121,121,"Sensor readings are in a dangerous range! Immediate action required.",Critical,"2025-01-21 08:00:00"
122,122,"Sensor readings are outside the normal range. Please check.",Warning,"2025-01-22 08:00:00"
123,123,"Sensor readings are in a dangerous range! Immediate action required.",Critical,"2025-01-23 08:00:00"
124,124,"Sensor readings are in a dangerous range! Immediate action required.",Critical,"2025-01-24 08:00:00"
125,125,"Sensor readings are outside the normal range. Please check.",Warning,"2025-01-25 08:00:00"
126,126,"Sensor readings are in a dangerous range! Immediate action required.",Critical,"2025-01-26 08:00:00"
127,127,"Sensor readings are normal.",Info,"2025-01-27 08:00:00"
128,128,"Sensor readings are outside the normal range. Please check.",Warning,"2025-01-28 08:00:00"
129,129,"Sensor readings are in a dangerous range! Immediate action required.",Critical,"2025-01-29 08:00:00"
130,130,"Sensor readings are in a dangerous range! Immediate action required.",Critical,"2025-01-30 08:00:00"
131,131,"Sensor readings are normal.",Info,"2025-01-31 08:00:00"
132,132,"Sensor readings are outside the normal range. Please check.",Warning,"2025-02-01 08:00:00"
133,133,"Sensor readings are normal.",Info,"2025-02-02 08:00:00"
134,134,"Sensor readings are normal.",Info,"2025-02-03 08:00:00"
135,135,"Sensor readings are normal.",Info,"2025-02-04 08:00:00"
136,136,"Sensor readings are in a dangerous range! Immediate action required.",Critical,"2025-02-05 08:00:00"
137,137,"Sensor readings are normal.",Info,"2025-02-06 08:00:00"
138,138,"Sensor readings are outside the normal range. Please check.",Warning,"2025-02-07 08:00:00"
139,139,"Sensor readings are normal.",Info,"2025-02-08 08:00:00"
140,140,"Sensor readings are in a dangerous range! Immediate action required.",Critical,"2025-02-09 08:00:00"
141,141,"Sensor readings are in a dangerous range! Immediate action required.",Critical,"2025-02-10 08:00:00"
142,142,"Sensor readings are outside the normal range. Please check.",Warning,"2025-02-11 08:00:00"
143,143,"Sensor readings are in a dangerous range! Immediate action required.",Critical,"2025-02-12 08:00:00"
144,144,"Sensor readings are in a dangerous range! Immediate action required.",Critical,"2025-02-13 08:00:00"
145,145,"Sensor readings are outside the normal range. Please check.",Warning,"2025-02-14 08:00:00"
146,146,"Sensor readings are normal.",Info,"2025-02-15 08:00:00"
147,147,"Sensor readings are outside the normal range. Please check.",Warning,"2025-02-16 08:00:00"
148,148,"Sensor readings are normal.",Info,"2025-02-17 08:00:00"
149,149,"Sensor readings are in a dangerous range! Immediate action required.",Critical,"2025-02-18 08:00:00"
150,150,"Sensor readings are normal.",Info,"2025-02-19 08:00:00"
151,151,"Sensor readings are in a dangerous range! Immediate action required.",Critical,"2025-02-20 08:00:00"
152,152,"Sensor readings are in a dangerous range! Immediate action required.",Critical,"2025-02-21 08:00:00"
153,153,"Sensor readings are normal.",Info,"2025-02-22 08:00:00"
154,154,"Sensor readings are in a dangerous range! Immediate action required.",Critical,"2025-02-23 08:00:00"
155,155,"Sensor readings are normal.",Info,"2025-02-24 08:00:00"
156,156,"Sensor readings are in a dangerous range! Immediate action required.",Critical,"2025-02-25 08:00:00"
157,157,"Sensor readings are in a dangerous range! Immediate action required.",Critical,"2025-02-26 08:00:00"
158,158,"Sensor readings are in a dangerous range! Immediate action required.",Critical,"2025-02-27 08:00:00"
159,159,"Sensor readings are outside the normal range. Please check.",Warning,"2025-02-28 08:00:00"
160,160,"Sensor readings are outside the normal range. Please check.",Warning,"2025-03-01 08:00:00"
161,161,"Sensor readings are outside the normal range. Please check.",Warning,"2025-03-02 08:00:00"
162,162,"Sensor readings are in a dangerous range! Immediate action required.",Critical,"2025-03-03 08:00:00"
163,163,"Sensor readings are outside the normal range. Please check.",Warning,"2025-03-04 08:00:00"
164,164,"Sensor readings are outside the normal range. Please check.",Warning,"2025-03-05 08:00:00"
165,165,"Sensor readings are normal.",Info,"2025-03-06 08:00:00"
166,166,"Sensor readings are outside the normal range. Please check.",Warning,"2025-03-07 08:00:00"
167,167,"Sensor readings are outside the normal range. Please check.",Warning,"2025-03-08 08:00:00"
168,168,"Sensor readings are in a dangerous range! Immediate action required.",Critical,"2025-03-09 08:00:00"
169,169,"Sensor readings are outside the normal range. Please check.",Warning,"2025-03-10 08:00:00"
170,170,"Sensor readings are normal.",Info,"2025-03-11 08:00:00"
171,171,"Sensor readings are normal.",Info,"2025-03-12 08:00:00"
172,172,"Sensor readings are outside the normal range. Please check.",Warning,"2025-03-13 08:00:00"
173,173,"Sensor readings are outside the normal range. Please check.",Warning,"2025-03-14 08:00:00"
174,174,"Sensor readings are outside the normal range. Please check.",Warning,"2025-03-15 08:00:00"
175,175,"Sensor readings are outside the normal range. Please check.",Warning,"2025-03-16 08:00:00"
176,176,"Sensor readings are in a dangerous range! Immediate action required.",Critical,"2025-03-17 08:00:00"
177,177,"Sensor readings are normal.",Info,"2025-03-18 08:00:00"
178,178,"Sensor readings are in a dangerous range! Immediate action required.",Critical,"2025-03-19 08:00:00"
179,179,"Sensor readings are outside the normal range. Please check.",Warning,"2025-03-20 08:00:00"
180,180,"Sensor readings are in a dangerous range! Immediate action required.",Critical,"2025-03-21 08:00:00"
181,181,"Sensor readings are in a dangerous range! Immediate action required.",Critical,"2025-03-22 08:00:00"
182,182,"Sensor readings are normal.",Info,"2025-03-23 08:00:00"
183,183,"Sensor readings are normal.",Info,"2025-03-24 08:00:00"
184,184,"Sensor readings are outside the normal range. Please check.",Warning,"2025-03-25 08:00:00"
185,185,"Sensor readings are in a dangerous range! Immediate action required.",Critical,"2025-03-26 08:00:00"
186,186,"Sensor readings are normal.",Info,"2025-03-27 08:00:00"
187,187,"Sensor readings are outside the normal range. Please check.",Warning,"2025-03-28 08:00:00"
188,188,"Sensor readings are in a dangerous range! Immediate action required.",Critical,"2025-03-29 08:00:00"
189,189,"Sensor readings are outside the normal range. Please check.",Warning,"2025-03-30 08:00:00"
190,190,"Sensor readings are in a dangerous range! Immediate action required.",Critical,"2025-03-31 08:00:00"
191,191,"Sensor readings are normal.",Info,"2025-04-01 08:00:00"
192,192,"Sensor readings are outside the normal range. Please check.",Warning,"2025-04-02 08:00:00"
193,193,"Sensor readings are normal.",Info,"2025-04-03 08:00:00"
194,194,"Sensor readings are outside the normal range. Please check.",Warning,"2025-04-04 08:00:00"
195,195,"Sensor readings are outside the normal range. Please check.",Warning,"2025-04-05 08:00:00"
196,196,"Sensor readings are in a dangerous range! Immediate action required.",Critical,"2025-04-06 08:00:00"
197,197,"Sensor readings are in a dangerous range! Immediate action required.",Critical,"2025-04-07 08:00:00"
198,198,"Sensor readings are in a dangerous range! Immediate action required.",Critical,"2025-04-08 08:00:00"
199,199,"Sensor readings are normal.",Info,"2025-04-09 08:00:00"
200,200,"Sensor readings are in a dangerous range! Immediate action required.",Critical,"2025-04-10 08:00:00"
201,201,"Sensor readings are outside the normal range. Please check.",Warning,"2025-01-01 08:00:00"
202,202,"Sensor readings are in a dangerous range! Immediate action required.",Critical,"2025-01-02 08:00:00"
203,203,"Sensor readings are outside the normal range. Please check.",Warning,"2025-01-03 08:00:00"
204,204,"Sensor readings are normal.",Info,"2025-01-04 08:00:00"
205,205,"Sensor readings are in a dangerous range! Immediate action required.",Critical,"2025-01-05 08:00:00"
206,206,"Sensor readings are in a dangerous range! Immediate action required.",Critical,"2025-01-06 08:00:00"
207,207,"Sensor readings are in a dangerous range! Immediate action required.",Critical,"2025-01-07 08:00:00"
208,208,"Sensor readings are outside the normal range. Please check.",Warning,"2025-01-08 08:00:00"
209,209,"Sensor readings are normal.",Info,"2025-01-09 08:00:00"
210,210,"Sensor readings are in a dangerous range! Immediate action required.",Critical,"2025-01-10 08:00:00"
211,211,"Sensor readings are in a dangerous range! Immediate action required.",Critical,"2025-01-11 08:00:00"
212,212,"Sensor readings are outside the normal range. Please check.",Warning,"2025-01-12 08:00:00"
213,213,"Sensor readings are normal.",Info,"2025-01-13 08:00:00"
214,214,"Sensor readings are outside the normal range. Please check.",Warning,"2025-01-14 08:00:00"
215,215,"Sensor readings are in a dangerous range! Immediate action required.",Critical,"2025-01-15 08:00:00"
216,216,"Sensor readings are normal.",Info,"2025-01-16 08:00:00"
217,217,"Sensor readings are outside the normal range. Please check.",Warning,"2025-01-17 08:00:00"
218,218,"Sensor readings are normal.",Info,"2025-01-18 08:00:00"
219,219,"Sensor readings are outside the normal range. Please check.",Warning,"2025-01-19 08:00:00"
220,220,"Sensor readings are outside the normal range. Please check.",Warning,"2025-01-20 08:00:00"
221,221,"Sensor readings are in a dangerous range! Immediate action required.",Critical,"2025-01-21 08:00:00"
222,222,"Sensor readings are outside the normal range. Please check.",Warning,"2025-01-22 08:00:00"
223,223,"Sensor readings are normal.",Info,"2025-01-23 08:00:00"
224,224,"Sensor readings are in a dangerous range! Immediate action required.",Critical,"2025-01-24 08:00:00"
225,225,"Sensor readings are outside the normal range. Please check.",Warning,"2025-01-25 08:00:00"
226,226,"Sensor readings are outside the normal range. Please check.",Warning,"2025-01-26 08:00:00"
227,227,"Sensor readings are outside the normal range. Please check.",Warning,"2025-01-27 08:00:00"
228,228,"Sensor readings are outside the normal range. Please check.",Warning,"2025-01-28 08:00:00"
229,229,"Sensor readings are normal.",Info,"2025-01-29 08:00:00"
230,230,"Sensor readings are outside the normal range. Please check.",Warning,"2025-01-30 08:00:00"
231,231,"Sensor readings are outside the normal range. Please check.",Warning,"2025-01-31 08:00:00"
232,232,"Sensor readings are normal.",Info,"2025-02-01 08:00:00"
233,233,"Sensor readings are in a dangerous range! Immediate action required.",Critical,"2025-02-02 08:00:00"
234,234,"Sensor readings are in a dangerous range! Immediate action required.",Critical,"2025-02-03 08:00:00"
235,235,"Sensor readings are in a dangerous range! Immediate action required.",Critical,"2025-02-04 08:00:00"
236,236,"Sensor readings are outside the normal range. Please check.",Warning,"2025-02-05 08:00:00"
237,237,"Sensor readings are outside the normal range. Please check.",Warning,"2025-02-06 08:00:00"
238,238,"Sensor readings are normal.",Info,"2025-02-07 08:00:00"
239,239,"Sensor readings are outside the normal range. Please check.",Warning,"2025-02-08 08:00:00"
240,240,"Sensor readings are outside the normal range. Please check.",Warning,"2025-02-09 08:00:00"
241,241,"Sensor readings are outside the normal range. Please check.",Warning,"2025-02-10 08:00:00"
242,242,"Sensor readings are in a dangerous range! Immediate action required.",Critical,"2025-02-11 08:00:00"
243,243,"Sensor readings are outside the normal range. Please check.",Warning,"2025-02-12 08:00:00"
244,244,"Sensor readings are in a dangerous range! Immediate action required.",Critical,"2025-02-13 08:00:00"
245,245,"Sensor readings are normal.",Info,"2025-02-14 08:00:00"
246,246,"Sensor readings are in a dangerous range! Immediate action required.",Critical,"2025-02-15 08:00:00"
247,247,"Sensor readings are outside the normal range. Please check.",Warning,"2025-02-16 08:00:00"
248,248,"Sensor readings are normal.",Info,"2025-02-17 08:00:00"
249,249,"Sensor readings are outside the normal range. Please check.",Warning,"2025-02-18 08:00:00"
250,250,"Sensor readings are normal.",Info,"2025-02-19 08:00:00"
251,251,"Sensor readings are outside the normal range. Please check.",Warning,"2025-02-20 08:00:00"
252,252,"Sensor readings are normal.",Info,"2025-02-21 08:00:00"
253,253,"Sensor readings are in a dangerous range! Immediate action required.",Critical,"2025-02-22 08:00:00"
254,254,"Sensor readings are normal.",Info,"2025-02-23 08:00:00"
255,255,"Sensor readings are outside the normal range. Please check.",Warning,"2025-02-24 08:00:00"
256,256,"Sensor readings are normal.",Info,"2025-02-25 08:00:00"
257,257,"Sensor readings are in a dangerous range! Immediate action required.",Critical,"2025-02-26 08:00:00"
258,258,"Sensor readings are normal.",Info,"2025-02-27 08:00:00"
259,259,"Sensor readings are outside the normal range. Please check.",Warning,"2025-02-28 08:00:00"
260,260,"Sensor readings are outside the normal range. Please check.",Warning,"2025-03-01 08:00:00"
261,261,"Sensor readings are normal.",Info,"2025-03-02 08:00:00"
262,262,"Sensor readings are in a dangerous range! Immediate action required.",Critical,"2025-03-03 08:00:00"
263,263,"Sensor readings are in a dangerous range! Immediate action required.",Critical,"2025-03-04 08:00:00"
264,264,"Sensor readings are outside the normal range. Please check.",Warning,"2025-03-05 08:00:00"
265,265,"Sensor readings are normal.",Info,"2025-03-06 08:00:00"
266,266,"Sensor readings are outside the normal range. Please check.",Warning,"2025-03-07 08:00:00"
267,267,"Sensor readings are in a dangerous range! Immediate action required.",Critical,"2025-03-08 08:00:00"
268,268,"Sensor readings are in a dangerous range! Immediate action required.",Critical,"2025-03-09 08:00:00"
269,269,"Sensor readings are in a dangerous range! Immediate action required.",Critical,"2025-03-10 08:00:00"
270,270,"Sensor readings are normal.",Info,"2025-03-11 08:00:00"
271,271,"Sensor readings are normal.",Info,"2025-03-12 08:00:00"
272,272,"Sensor readings are normal.",Info,"2025-03-13 08:00:00"
273,273,"Sensor readings are in a dangerous range! Immediate action required.",Critical,"2025-03-14 08:00:00"
274,274,"Sensor readings are in a dangerous range! Immediate action required.",Critical,"2025-03-15 08:00:00"
275,275,"Sensor readings are in a dangerous range! Immediate action required.",Critical,"2025-03-16 08:00:00"
276,276,"Sensor readings are in a dangerous range! Immediate action required.",Critical,"2025-03-17 08:00:00"
277,277,"Sensor readings are in a dangerous range! Immediate action required.",Critical,"2025-03-18 08:00:00"
278,278,"Sensor readings are outside the normal range. Please check.",Warning,"2025-03-19 08:00:00"
279,279,"Sensor readings are normal.",Info,"2025-03-20 08:00:00"
280,280,"Sensor readings are in a dangerous range! Immediate action required.",Critical,"2025-03-21 08:00:00"
281,281,"Sensor readings are normal.",Info,"2025-03-22 08:00:00"
282,282,"Sensor readings are normal.",Info,"2025-03-23 08:00:00"
283,283,"Sensor readings are in a dangerous range! Immediate action required.",Critical,"2025-03-24 08:00:00"
284,284,"Sensor readings are in a dangerous range! Immediate action required.",Critical,"2025-03-25 08:00:00"
285,285,"Sensor readings are outside the normal range. Please check.",Warning,"2025-03-26 08:00:00"
286,286,"Sensor readings are in a dangerous range! Immediate action required.",Critical,"2025-03-27 08:00:00"
287,287,"Sensor readings are outside the normal range. Please check.",Warning,"2025-03-28 08:00:00"
288,288,"Sensor readings are normal.",Info,"2025-03-29 08:00:00"
289,289,"Sensor readings are outside the normal range. Please check.",Warning,"2025-03-30 08:00:00"
290,290,"Sensor readings are normal.",Info,"2025-03-31 08:00:00"
291,291,"Sensor readings are in a dangerous range! Immediate action required.",Critical,"2025-04-01 08:00:00"
292,292,"Sensor readings are normal.",Info,"2025-04-02 08:00:00"
293,293,"Sensor readings are normal.",Info,"2025-04-03 08:00:00"
294,294,"Sensor readings are outside the normal range. Please check.",Warning,"2025-04-04 08:00:00"
295,295,"Sensor readings are in a dangerous range! Immediate action required.",Critical,"2025-04-05 08:00:00"
296,296,"Sensor readings are in a dangerous range! Immediate action required.",Critical,"2025-04-06 08:00:00"
297,297,"Sensor readings are outside the normal range. Please check.",Warning,"2025-04-07 08:00:00"
298,298,"Sensor readings are in a dangerous range! Immediate action required.",Critical,"2025-04-08 08:00:00"
299,299,"Sensor readings are in a dangerous range! Immediate action required.",Critical,"2025-04-09 08:00:00"
300,300,"Sensor readings are outside the normal range. Please check.",Warning,"2025-04-10 08:00:00"
301,301,"Sensor readings are normal.",Info,"2025-01-01 08:00:00"
302,302,"Sensor readings are in a dangerous range! Immediate action required.",Critical,"2025-01-02 08:00:00"
303,303,"Sensor readings are outside the normal range. Please check.",Warning,"2025-01-03 08:00:00"
304,304,"Sensor readings are outside the normal range. Please check.",Warning,"2025-01-04 08:00:00"
305,305,"Sensor readings are in a dangerous range! Immediate action required.",Critical,"2025-01-05 08:00:00"
306,306,"Sensor readings are in a dangerous range! Immediate action required.",Critical,"2025-01-06 08:00:00"
307,307,"Sensor readings are normal.",Info,"2025-01-07 08:00:00"
308,308,"Sensor readings are outside the normal range. Please check.",Warning,"2025-01-08 08:00:00"
309,309,"Sensor readings are normal.",Info,"2025-01-09 08:00:00"
310,310,"Sensor readings are normal.",Info,"2025-01-10 08:00:00"
311,311,"Sensor readings are outside the normal range. Please check.",Warning,"2025-01-11 08:00:00"
312,312,"Sensor readings are in a dangerous range! Immediate action required.",Critical,"2025-01-12 08:00:00"
313,313,"Sensor readings are outside the normal range. Please check.",Warning,"2025-01-13 08:00:00"
314,314,"Sensor readings are in a dangerous range! Immediate action required.",Critical,"2025-01-14 08:00:00"
315,315,"Sensor readings are normal.",Info,"2025-01-15 08:00:00"
316,316,"Sensor readings are outside the normal range. Please check.",Warning,"2025-01-16 08:00:00"
317,317,"Sensor readings are outside the normal range. Please check.",Warning,"2025-01-17 08:00:00"
318,318,"Sensor readings are in a dangerous range! Immediate action required.",Critical,"2025-01-18 08:00:00"
319,319,"Sensor readings are normal.",Info,"2025-01-19 08:00:00"
320,320,"Sensor readings are outside the normal range. Please check.",Warning,"2025-01-20 08:00:00"
321,321,"Sensor readings are outside the normal range. Please check.",Warning,"2025-01-21 08:00:00"
322,322,"Sensor readings are outside the normal range. Please check.",Warning,"2025-01-22 08:00:00"
323,323,"Sensor readings are in a dangerous range! Immediate action required.",Critical,"2025-01-23 08:00:00"
324,324,"Sensor readings are outside the normal range. Please check.",Warning,"2025-01-24 08:00:00"
325,325,"Sensor readings are outside the normal range. Please check.",Warning,"2025-01-25 08:00:00"
326,326,"Sensor readings are in a dangerous range! Immediate action required.",Critical,"2025-01-26 08:00:00"
327,327,"Sensor readings are in a dangerous range! Immediate action required.",Critical,"2025-01-27 08:00:00"
328,328,"Sensor readings are outside the normal range. Please check.",Warning,"2025-01-28 08:00:00"
329,329,"Sensor readings are outside the normal range. Please check.",Warning,"2025-01-29 08:00:00"
330,330,"Sensor readings are normal.",Info,"2025-01-30 08:00:00"
331,331,"Sensor readings are in a dangerous range! Immediate action required.",Critical,"2025-01-31 08:00:00"
332,332,"Sensor readings are in a dangerous range! Immediate action required.",Critical,"2025-02-01 08:00:00"
333,333,"Sensor readings are in a dangerous range! Immediate action required.",Critical,"2025-02-02 08:00:00"
334,334,"Sensor readings are outside the normal range. Please check.",Warning,"2025-02-03 08:00:00"
335,335,"Sensor readings are in a dangerous range! Immediate action required.",Critical,"2025-02-04 08:00:00"
336,336,"Sensor readings are normal.",Info,"2025-02-05 08:00:00"
337,337,"Sensor readings are in a dangerous range! Immediate action required.",Critical,"2025-02-06 08:00:00"
338,338,"Sensor readings are in a dangerous range! Immediate action required.",Critical,"2025-02-07 08:00:00"
339,339,"Sensor readings are in a dangerous range! Immediate action required.",Critical,"2025-02-08 08:00:00"
340,340,"Sensor readings are outside the normal range. Please check.",Warning,"2025-02-09 08:00:00"
341,341,"Sensor readings are in a dangerous range! Immediate action required.",Critical,"2025-02-10 08:00:00"
342,342,"Sensor readings are normal.",Info,"2025-02-11 08:00:00"
343,343,"Sensor readings are normal.",Info,"2025-02-12 08:00:00"
344,344,"Sensor readings are outside the normal range. Please check.",Warning,"2025-02-13 08:00:00"
345,345,"Sensor readings are in a dangerous range! Immediate action required.",Critical,"2025-02-14 08:00:00"
346,346,"Sensor readings are in a dangerous range! Immediate action required.",Critical,"2025-02-15 08:00:00"
347,347,"Sensor readings are normal.",Info,"2025-02-16 08:00:00"
348,348,"Sensor readings are normal.",Info,"2025-02-17 08:00:00"
349,349,"Sensor readings are outside the normal range. Please check.",Warning,"2025-02-18 08:00:00"
350,350,"Sensor readings are in a dangerous range! Immediate action required.",Critical,"2025-02-19 08:00:00"
351,351,"Sensor readings are normal.",Info,"2025-02-20 08:00:00"
352,352,"Sensor readings are normal.",Info,"2025-02-21 08:00:00"
353,353,"Sensor readings are in a dangerous range! Immediate action required.",Critical,"2025-02-22 08:00:00"
354,354,"Sensor readings are normal.",Info,"2025-02-23 08:00:00"
355,355,"Sensor readings are in a dangerous range! Immediate action required.",Critical,"2025-02-24 08:00:00"
356,356,"Sensor readings are in a dangerous range! Immediate action required.",Critical,"2025-02-25 08:00:00"
357,357,"Sensor readings are normal.",Info,"2025-02-26 08:00:00"
358,358,"Sensor readings are outside the normal range. Please check.",Warning,"2025-02-27 08:00:00"
359,359,"Sensor readings are in a dangerous range! Immediate action required.",Critical,"2025-02-28 08:00:00"
360,360,"Sensor readings are outside the normal range. Please check.",Warning,"2025-03-01 08:00:00"
361,361,"Sensor readings are outside the normal range. Please check.",Warning,"2025-03-02 08:00:00"
362,362,"Sensor readings are outside the normal range. Please check.",Warning,"2025-03-03 08:00:00"
363,363,"Sensor readings are in a dangerous range! Immediate action required.",Critical,"2025-03-04 08:00:00"
364,364,"Sensor readings are outside the normal range. Please check.",Warning,"2025-03-05 08:00:00"
365,365,"Sensor readings are normal.",Info,"2025-03-06 08:00:00"
366,366,"Sensor readings are outside the normal range. Please check.",Warning,"2025-03-07 08:00:00"
367,367,"Sensor readings are normal.",Info,"2025-03-08 08:00:00"
368,368,"Sensor readings are normal.",Info,"2025-03-09 08:00:00"
369,369,"Sensor readings are outside the normal range. Please check.",Warning,"2025-03-10 08:00:00"
370,370,"Sensor readings are outside the normal range. Please check.",Warning,"2025-03-11 08:00:00"
371,371,"Sensor readings are in a dangerous range! Immediate action required.",Critical,"2025-03-12 08:00:00"
372,372,"Sensor readings are outside the normal range. Please check.",Warning,"2025-03-13 08:00:00"
373,373,"Sensor readings are in a dangerous range! Immediate action required.",Critical,"2025-03-14 08:00:00"
374,374,"Sensor readings are normal.",Info,"2025-03-15 08:00:00"
375,375,"Sensor readings are outside the normal range. Please check.",Warning,"2025-03-16 08:00:00"
376,376,"Sensor readings are in a dangerous range! Immediate action required.",Critical,"2025-03-17 08:00:00"
377,377,"Sensor readings are normal.",Info,"2025-03-18 08:00:00"
378,378,"Sensor readings are in a dangerous range! Immediate action required.",Critical,"2025-03-19 08:00:00"
379,379,"Sensor readings are outside the normal range. Please check.",Warning,"2025-03-20 08:00:00"
380,380,"Sensor readings are normal.",Info,"2025-03-21 08:00:00"
381,381,"Sensor readings are normal.",Info,"2025-03-22 08:00:00"
382,382,"Sensor readings are outside the normal range. Please check.",Warning,"2025-03-23 08:00:00"
383,383,"Sensor readings are normal.",Info,"2025-03-24 08:00:00"
384,384,"Sensor readings are normal.",Info,"2025-03-25 08:00:00"
385,385,"Sensor readings are in a dangerous range! Immediate action required.",Critical,"2025-03-26 08:00:00"
386,386,"Sensor readings are outside the normal range. Please check.",Warning,"2025-03-27 08:00:00"
387,387,"Sensor readings are in a dangerous range! Immediate action required.",Critical,"2025-03-28 08:00:00"
388,388,"Sensor readings are normal.",Info,"2025-03-29 08:00:00"
389,389,"Sensor readings are outside the normal range. Please check.",Warning,"2025-03-30 08:00:00"
390,390,"Sensor readings are outside the normal range. Please check.",Warning,"2025-03-31 08:00:00"
391,391,"Sensor readings are normal.",Info,"2025-04-01 08:00:00"
392,392,"Sensor readings are in a dangerous range! Immediate action required.",Critical,"2025-04-02 08:00:00"
393,393,"Sensor readings are outside the normal range. Please check.",Warning,"2025-04-03 08:00:00"
394,394,"Sensor readings are normal.",Info,"2025-04-04 08:00:00"
395,395,"Sensor readings are normal.",Info,"2025-04-05 08:00:00"
396,396,"Sensor readings are normal.",Info,"2025-04-06 08:00:00"
397,397,"Sensor readings are outside the normal range. Please check.",Warning,"2025-04-07 08:00:00"
398,398,"Sensor readings are normal.",Info,"2025-04-08 08:00:00"
399,399,"Sensor readings are in a dangerous range! Immediate action required.",Critical,"2025-04-09 08:00:00"
400,400,"Sensor readings are in a dangerous range! Immediate action required.",Critical,"2025-04-10 08:00:00"
401,401,"Sensor readings are outside the normal range. Please check.",Warning,"2025-01-01 08:00:00"
402,402,"Sensor readings are in a dangerous range! Immediate action required.",Critical,"2025-01-02 08:00:00"
403,403,"Sensor readings are in a dangerous range! Immediate action required.",Critical,"2025-01-03 08:00:00"
404,404,"Sensor readings are in a dangerous range! Immediate action required.",Critical,"2025-01-04 08:00:00"
405,405,"Sensor readings are in a dangerous range! Immediate action required.",Critical,"2025-01-05 08:00:00"
406,406,"Sensor readings are outside the normal range. Please check.",Warning,"2025-01-06 08:00:00"
407,407,"Sensor readings are outside the normal range. Please check.",Warning,"2025-01-07 08:00:00"
408,408,"Sensor readings are in a dangerous range! Immediate action required.",Critical,"2025-01-08 08:00:00"
409,409,"Sensor readings are normal.",Info,"2025-01-09 08:00:00"
410,410,"Sensor readings are outside the normal range. Please check.",Warning,"2025-01-10 08:00:00"
411,411,"Sensor readings are normal.",Info,"2025-01-11 08:00:00"
412,412,"Sensor readings are in a dangerous range! Immediate action required.",Critical,"2025-01-12 08:00:00"
413,413,"Sensor readings are outside the normal range. Please check.",Warning,"2025-01-13 08:00:00"
414,414,"Sensor readings are in a dangerous range! Immediate action required.",Critical,"2025-01-14 08:00:00"
415,415,"Sensor readings are outside the normal range. Please check.",Warning,"2025-01-15 08:00:00"
416,416,"Sensor readings are normal.",Info,"2025-01-16 08:00:00"
417,417,"Sensor readings are in a dangerous range! Immediate action required.",Critical,"2025-01-17 08:00:00"
418,418,"Sensor readings are normal.",Info,"2025-01-18 08:00:00"
419,419,"Sensor readings are normal.",Info,"2025-01-19 08:00:00"
420,420,"Sensor readings are outside the normal range. Please check.",Warning,"2025-01-20 08:00:00"
421,421,"Sensor readings are normal.",Info,"2025-01-21 08:00:00"
422,422,"Sensor readings are outside the normal range. Please check.",Warning,"2025-01-22 08:00:00"
423,423,"Sensor readings are in a dangerous range! Immediate action required.",Critical,"2025-01-23 08:00:00"
424,424,"Sensor readings are in a dangerous range! Immediate action required.",Critical,"2025-01-24 08:00:00"
425,425,"Sensor readings are normal.",Info,"2025-01-25 08:00:00"
426,426,"Sensor readings are outside the normal range. Please check.",Warning,"2025-01-26 08:00:00"
427,427,"Sensor readings are normal.",Info,"2025-01-27 08:00:00"
428,428,"Sensor readings are outside the normal range. Please check.",Warning,"2025-01-28 08:00:00"
429,429,"Sensor readings are in a dangerous range! Immediate action required.",Critical,"2025-01-29 08:00:00"
430,430,"Sensor readings are normal.",Info,"2025-01-30 08:00:00"
431,431,"Sensor readings are in a dangerous range! Immediate action required.",Critical,"2025-01-31 08:00:00"
432,432,"Sensor readings are outside the normal range. Please check.",Warning,"2025-02-01 08:00:00"
433,433,"Sensor readings are in a dangerous range! Immediate action required.",Critical,"2025-02-02 08:00:00"
434,434,"Sensor readings are outside the normal range. Please check.",Warning,"2025-02-03 08:00:00"
435,435,"Sensor readings are normal.",Info,"2025-02-04 08:00:00"
436,436,"Sensor readings are outside the normal range. Please check.",Warning,"2025-02-05 08:00:00"
437,437,"Sensor readings are in a dangerous range! Immediate action required.",Critical,"2025-02-06 08:00:00"
438,438,"Sensor readings are normal.",Info,"2025-02-07 08:00:00"
439,439,"Sensor readings are in a dangerous range! Immediate action required.",Critical,"2025-02-08 08:00:00"
440,440,"Sensor readings are outside the normal range. Please check.",Warning,"2025-02-09 08:00:00"
441,441,"Sensor readings are in a dangerous range! Immediate action required.",Critical,"2025-02-10 08:00:00"
442,442,"Sensor readings are normal.",Info,"2025-02-11 08:00:00"
443,443,"Sensor readings are normal.",Info,"2025-02-12 08:00:00"
444,444,"Sensor readings are outside the normal range. Please check.",Warning,"2025-02-13 08:00:00"
445,445,"Sensor readings are outside the normal range. Please check.",Warning,"2025-02-14 08:00:00"
446,446,"Sensor readings are in a dangerous range! Immediate action required.",Critical,"2025-02-15 08:00:00"
447,447,"Sensor readings are in a dangerous range! Immediate action required.",Critical,"2025-02-16 08:00:00"
448,448,"Sensor readings are in a dangerous range! Immediate action required.",Critical,"2025-02-17 08:00:00"
449,449,"Sensor readings are outside the normal range. Please check.",Warning,"2025-02-18 08:00:00"
450,450,"Sensor readings are outside the normal range. Please check.",Warning,"2025-02-19 08:00:00"
451,451,"Sensor readings are normal.",Info,"2025-02-20 08:00:00"
452,452,"Sensor readings are in a dangerous range! Immediate action required.",Critical,"2025-02-21 08:00:00"
453,453,"Sensor readings are outside the normal range. Please check.",Warning,"2025-02-22 08:00:00"
454,454,"Sensor readings are normal.",Info,"2025-02-23 08:00:00"
455,455,"Sensor readings are outside the normal range. Please check.",Warning,"2025-02-24 08:00:00"
456,456,"Sensor readings are outside the normal range. Please check.",Warning,"2025-02-25 08:00:00"
457,457,"Sensor readings are in a dangerous range! Immediate action required.",Critical,"2025-02-26 08:00:00"
458,458,"Sensor readings are normal.",Info,"2025-02-27 08:00:00"
459,459,"Sensor readings are in a dangerous range! Immediate action required.",Critical,"2025-02-28 08:00:00"
460,460,"Sensor readings are normal.",Info,"2025-03-01 08:00:00"
461,461,"Sensor readings are in a dangerous range! Immediate action required.",Critical,"2025-03-02 08:00:00"
462,462,"Sensor readings are in a dangerous range! Immediate action required.",Critical,"2025-03-03 08:00:00"
463,463,"Sensor readings are normal.",Info,"2025-03-04 08:00:00"
464,464,"Sensor readings are outside the normal range. Please check.",Warning,"2025-03-05 08:00:00"
465,465,"Sensor readings are normal.",Info,"2025-03-06 08:00:00"
466,466,"Sensor readings are in a dangerous range! Immediate action required.",Critical,"2025-03-07 08:00:00"
467,467,"Sensor readings are normal.",Info,"2025-03-08 08:00:00"
468,468,"Sensor readings are outside the normal range. Please check.",Warning,"2025-03-09 08:00:00"
469,469,"Sensor readings are in a dangerous range! Immediate action required.",Critical,"2025-03-10 08:00:00"
470,470,"Sensor readings are outside the normal range. Please check.",Warning,"2025-03-11 08:00:00"
471,471,"Sensor readings are in a dangerous range! Immediate action required.",Critical,"2025-03-12 08:00:00"
472,472,"Sensor readings are normal.",Info,"2025-03-13 08:00:00"
473,473,"Sensor readings are normal.",Info,"2025-03-14 08:00:00"
474,474,"Sensor readings are in a dangerous range! Immediate action required.",Critical,"2025-03-15 08:00:00"
475,475,"Sensor readings are outside the normal range. Please check.",Warning,"2025-03-16 08:00:00"
476,476,"Sensor readings are outside the normal range. Please check.",Warning,"2025-03-17 08:00:00"
477,477,"Sensor readings are normal.",Info,"2025-03-18 08:00:00"
478,478,"Sensor readings are in a dangerous range! Immediate action required.",Critical,"2025-03-19 08:00:00"
479,479,"Sensor readings are normal.",Info,"2025-03-20 08:00:00"
480,480,"Sensor readings are normal.",Info,"2025-03-21 08:00:00"
481,481,"Sensor readings are normal.",Info,"2025-03-22 08:00:00"
482,482,"Sensor readings are outside the normal range. Please check.",Warning,"2025-03-23 08:00:00"
483,483,"Sensor readings are in a dangerous range! Immediate action required.",Critical,"2025-03-24 08:00:00"
484,484,"Sensor readings are outside the normal range. Please check.",Warning,"2025-03-25 08:00:00"
485,485,"Sensor readings are outside the normal range. Please check.",Warning,"2025-03-26 08:00:00"
486,486,"Sensor readings are normal.",Info,"2025-03-27 08:00:00"
487,487,"Sensor readings are outside the normal range. Please check.",Warning,"2025-03-28 08:00:00"
488,488,"Sensor readings are outside the normal range. Please check.",Warning,"2025-03-29 08:00:00"
489,489,"Sensor readings are outside the normal range. Please check.",Warning,"2025-03-30 08:00:00"
490,490,"Sensor readings are outside the normal range. Please check.",Warning,"2025-03-31 08:00:00"
491,491,"Sensor readings are in a dangerous range! Immediate action required.",Critical,"2025-04-01 08:00:00"
492,492,"Sensor readings are normal.",Info,"2025-04-02 08:00:00"
493,493,"Sensor readings are in a dangerous range! Immediate action required.",Critical,"2025-04-03 08:00:00"
494,494,"Sensor readings are in a dangerous range! Immediate action required.",Critical,"2025-04-04 08:00:00"
495,495,"Sensor readings are in a dangerous range! Immediate action required.",Critical,"2025-04-05 08:00:00"
496,496,"Sensor readings are in a dangerous range! Immediate action required.",Critical,"2025-04-06 08:00:00"
497,497,"Sensor readings are normal.",Info,"2025-04-07 08:00:00"
498,498,"Sensor readings are normal.",Info,"2025-04-08 08:00:00"
499,499,"Sensor readings are normal.",Info,"2025-04-09 08:00:00"
500,500,"Sensor readings are outside the normal range. Please check.",Warning,"2025-04-10 08:00:00"
501,501,"Sensor readings are in a dangerous range! Immediate action required.",Critical,"2025-01-01 08:00:00"
502,502,"Sensor readings are outside the normal range. Please check.",Warning,"2025-01-02 08:00:00"
503,503,"Sensor readings are normal.",Info,"2025-01-03 08:00:00"
504,504,"Sensor readings are in a dangerous range! Immediate action required.",Critical,"2025-01-04 08:00:00"
505,505,"Sensor readings are outside the normal range. Please check.",Warning,"2025-01-05 08:00:00"
506,506,"Sensor readings are normal.",Info,"2025-01-06 08:00:00"
507,507,"Sensor readings are outside the normal range. Please check.",Warning,"2025-01-07 08:00:00"
508,508,"Sensor readings are in a dangerous range! Immediate action required.",Critical,"2025-01-08 08:00:00"
509,509,"Sensor readings are normal.",Info,"2025-01-09 08:00:00"
510,510,"Sensor readings are normal.",Info,"2025-01-10 08:00:00"
511,511,"Sensor readings are normal.",Info,"2025-01-11 08:00:00"
512,512,"Sensor readings are normal.",Info,"2025-01-12 08:00:00"
513,513,"Sensor readings are normal.",Info,"2025-01-13 08:00:00"
514,514,"Sensor readings are normal.",Info,"2025-01-14 08:00:00"
515,515,"Sensor readings are in a dangerous range! Immediate action required.",Critical,"2025-01-15 08:00:00"
516,516,"Sensor readings are in a dangerous range! Immediate action required.",Critical,"2025-01-16 08:00:00"
517,517,"Sensor readings are in a dangerous range! Immediate action required.",Critical,"2025-01-17 08:00:00"
518,518,"Sensor readings are in a dangerous range! Immediate action required.",Critical,"2025-01-18 08:00:00"
519,519,"Sensor readings are in a dangerous range! Immediate action required.",Critical,"2025-01-19 08:00:00"
520,520,"Sensor readings are outside the normal range. Please check.",Warning,"2025-01-20 08:00:00"
521,521,"Sensor readings are in a dangerous range! Immediate action required.",Critical,"2025-01-21 08:00:00"
522,522,"Sensor readings are in a dangerous range! Immediate action required.",Critical,"2025-01-22 08:00:00"
523,523,"Sensor readings are in a dangerous range! Immediate action required.",Critical,"2025-01-23 08:00:00"
524,524,"Sensor readings are in a dangerous range! Immediate action required.",Critical,"2025-01-24 08:00:00"
525,525,"Sensor readings are normal.",Info,"2025-01-25 08:00:00"
526,526,"Sensor readings are in a dangerous range! Immediate action required.",Critical,"2025-01-26 08:00:00"
527,527,"Sensor readings are outside the normal range. Please check.",Warning,"2025-01-27 08:00:00"
528,528,"Sensor readings are in a dangerous range! Immediate action required.",Critical,"2025-01-28 08:00:00"
529,529,"Sensor readings are outside the normal range. Please check.",Warning,"2025-01-29 08:00:00"
530,530,"Sensor readings are normal.",Info,"2025-01-30 08:00:00"
531,531,"Sensor readings are outside the normal range. Please check.",Warning,"2025-01-31 08:00:00"
532,532,"Sensor readings are normal.",Info,"2025-02-01 08:00:00"
533,533,"Sensor readings are outside the normal range. Please check.",Warning,"2025-02-02 08:00:00"
534,534,"Sensor readings are in a dangerous range! Immediate action required.",Critical,"2025-02-03 08:00:00"
535,535,"Sensor readings are normal.",Info,"2025-02-04 08:00:00"
536,536,"Sensor readings are normal.",Info,"2025-02-05 08:00:00"
537,537,"Sensor readings are in a dangerous range! Immediate action required.",Critical,"2025-02-06 08:00:00"
538,538,"Sensor readings are normal.",Info,"2025-02-07 08:00:00"
539,539,"Sensor readings are normal.",Info,"2025-02-08 08:00:00"
540,540,"Sensor readings are outside the normal range. Please check.",Warning,"2025-02-09 08:00:00"
541,541,"Sensor readings are in a dangerous range! Immediate action required.",Critical,"2025-02-10 08:00:00"
542,542,"Sensor readings are normal.",Info,"2025-02-11 08:00:00"
543,543,"Sensor readings are normal.",Info,"2025-02-12 08:00:00"
544,544,"Sensor readings are normal.",Info,"2025-02-13 08:00:00"
545,545,"Sensor readings are outside the normal range. Please check.",Warning,"2025-02-14 08:00:00"
546,546,"Sensor readings are outside the normal range. Please check.",Warning,"2025-02-15 08:00:00"
547,547,"Sensor readings are outside the normal range. Please check.",Warning,"2025-02-16 08:00:00"
548,548,"Sensor readings are outside the normal range. Please check.",Warning,"2025-02-17 08:00:00"
549,549,"Sensor readings are normal.",Info,"2025-02-18 08:00:00"
550,550,"Sensor readings are normal.",Info,"2025-02-19 08:00:00"
551,551,"Sensor readings are in a dangerous range! Immediate action required.",Critical,"2025-02-20 08:00:00"
552,552,"Sensor readings are in a dangerous range! Immediate action required.",Critical,"2025-02-21 08:00:00"
553,553,"Sensor readings are in a dangerous range! Immediate action required.",Critical,"2025-02-22 08:00:00"
554,554,"Sensor readings are outside the normal range. Please check.",Warning,"2025-02-23 08:00:00"
555,555,"Sensor readings are normal.",Info,"2025-02-24 08:00:00"
556,556,"Sensor readings are in a dangerous range! Immediate action required.",Critical,"2025-02-25 08:00:00"
557,557,"Sensor readings are in a dangerous range! Immediate action required.",Critical,"2025-02-26 08:00:00"
558,558,"Sensor readings are normal.",Info,"2025-02-27 08:00:00"
559,559,"Sensor readings are in a dangerous range! Immediate action required.",Critical,"2025-02-28 08:00:00"
560,560,"Sensor readings are outside the normal range. Please check.",Warning,"2025-03-01 08:00:00"
561,561,"Sensor readings are normal.",Info,"2025-03-02 08:00:00"
562,562,"Sensor readings are outside the normal range. Please check.",Warning,"2025-03-03 08:00:00"
563,563,"Sensor readings are outside the normal range. Please check.",Warning,"2025-03-04 08:00:00"
564,564,"Sensor readings are in a dangerous range! Immediate action required.",Critical,"2025-03-05 08:00:00"
565,565,"Sensor readings are normal.",Info,"2025-03-06 08:00:00"
566,566,"Sensor readings are outside the normal range. Please check.",Warning,"2025-03-07 08:00:00"
567,567,"Sensor readings are normal.",Info,"2025-03-08 08:00:00"
568,568,"Sensor readings are in a dangerous range! Immediate action required.",Critical,"2025-03-09 08:00:00"
569,569,"Sensor readings are normal.",Info,"2025-03-10 08:00:00"
570,570,"Sensor readings are outside the normal range. Please check.",Warning,"2025-03-11 08:00:00"
571,571,"Sensor readings are normal.",Info,"2025-03-12 08:00:00"
572,572,"Sensor readings are outside the normal range. Please check.",Warning,"2025-03-13 08:00:00"
573,573,"Sensor readings are in a dangerous range! Immediate action required.",Critical,"2025-03-14 08:00:00"
574,574,"Sensor readings are in a dangerous range! Immediate action required.",Critical,"2025-03-15 08:00:00"
575,575,"Sensor readings are outside the normal range. Please check.",Warning,"2025-03-16 08:00:00"
576,576,"Sensor readings are outside the normal range. Please check.",Warning,"2025-03-17 08:00:00"
577,577,"Sensor readings are in a dangerous range! Immediate action required.",Critical,"2025-03-18 08:00:00"
578,578,"Sensor readings are outside the normal range. Please check.",Warning,"2025-03-19 08:00:00"
579,579,"Sensor readings are in a dangerous range! Immediate action required.",Critical,"2025-03-20 08:00:00"
580,580,"Sensor readings are normal.",Info,"2025-03-21 08:00:00"
581,581,"Sensor readings are in a dangerous range! Immediate action required.",Critical,"2025-03-22 08:00:00"
582,582,"Sensor readings are normal.",Info,"2025-03-23 08:00:00"
583,583,"Sensor readings are normal.",Info,"2025-03-24 08:00:00"
584,584,"Sensor readings are in a dangerous range! Immediate action required.",Critical,"2025-03-25 08:00:00"
585,585,"Sensor readings are outside the normal range. Please check.",Warning,"2025-03-26 08:00:00"
586,586,"Sensor readings are outside the normal range. Please check.",Warning,"2025-03-27 08:00:00"
587,587,"Sensor readings are in a dangerous range! Immediate action required.",Critical,"2025-03-28 08:00:00"
588,588,"Sensor readings are normal.",Info,"2025-03-29 08:00:00"
589,589,"Sensor readings are normal.",Info,"2025-03-30 08:00:00"
590,590,"Sensor readings are in a dangerous range! Immediate action required.",Critical,"2025-03-31 08:00:00"
591,591,"Sensor readings are normal.",Info,"2025-04-01 08:00:00"
592,592,"Sensor readings are outside the normal range. Please check.",Warning,"2025-04-02 08:00:00"
593,593,"Sensor readings are normal.",Info,"2025-04-03 08:00:00"
594,594,"Sensor readings are normal.",Info,"2025-04-04 08:00:00"
595,595,"Sensor readings are in a dangerous range! Immediate action required.",Critical,"2025-04-05 08:00:00"
596,596,"Sensor readings are outside the normal range. Please check.",Warning,"2025-04-06 08:00:00"
597,597,"Sensor readings are normal.",Info,"2025-04-07 08:00:00"
598,598,"Sensor readings are in a dangerous range! Immediate action required.",Critical,"2025-04-08 08:00:00"
599,599,"Sensor readings are in a dangerous range! Immediate action required.",Critical,"2025-04-09 08:00:00"
600,600,"Sensor readings are outside the normal range. Please check.",Warning,"2025-04-10 08:00:00"
601,601,"Sensor readings are normal.",Info,"2025-04-11 08:00:00"
602,602,"Sensor readings are normal.",Info,"2025-04-12 08:00:00"
603,603,"Sensor readings are outside the normal range. Please check.",Warning,"2025-04-13 08:00:00"
604,604,"Sensor readings are in a dangerous range! Immediate action required.",Critical,"2025-04-14 08:00:00"
605,605,"Sensor readings are normal.",Info,"2025-04-15 08:00:00"
606,606,"Sensor readings are outside the normal range. Please check.",Warning,"2025-04-16 08:00:00"
607,607,"Sensor readings are outside the normal range. Please check.",Warning,"2025-04-17 08:00:00"
608,608,"Sensor readings are in a dangerous range! Immediate action required.",Critical,"2025-04-18 08:00:00"
609,609,"Sensor readings are in a dangerous range! Immediate action required.",Critical,"2025-04-19 08:00:00"
610,610,"Sensor readings are normal.",Info,"2025-04-20 08:00:00"
611,611,"Sensor readings are normal.",Info,"2025-04-21 08:00:00"
612,612,"Sensor readings are in a dangerous range! Immediate action required.",Critical,"2025-04-22 08:00:00"
613,613,"Sensor readings are normal.",Info,"2025-04-23 08:00:00"
614,614,"Sensor readings are in a dangerous range! Immediate action required.",Critical,"2025-04-24 08:00:00"
615,615,"Sensor readings are normal.",Info,"2025-04-25 08:00:00"
616,616,"Sensor readings are normal.",Info,"2025-04-26 08:00:00"
617,617,"Sensor readings are in a dangerous range! Immediate action required.",Critical,"2025-04-27 08:00:00"
618,618,"Sensor readings are outside the normal range. Please check.",Warning,"2025-04-28 08:00:00"
619,619,"Sensor readings are in a dangerous range! Immediate action required.",Critical,"2025-04-29 08:00:00"
620,620,"Sensor readings are outside the normal range. Please check.",Warning,"2025-04-30 08:00:00"
621,621,"Sensor readings are normal.",Info,"2025-05-01 08:00:00"
622,622,"Sensor readings are normal.",Info,"2025-05-02 08:00:00"
623,623,"Sensor readings are normal.",Info,"2025-05-03 08:00:00"
624,624,"Sensor readings are normal.",Info,"2025-05-04 08:00:00"
625,625,"Sensor readings are outside the normal range. Please check.",Warning,"2025-05-05 08:00:00"
626,626,"Sensor readings are outside the normal range. Please check.",Warning,"2025-05-06 08:00:00"
627,627,"Sensor readings are in a dangerous range! Immediate action required.",Critical,"2025-05-07 08:00:00"
628,628,"Sensor readings are in a dangerous range! Immediate action required.",Critical,"2025-05-08 08:00:00"
629,629,"Sensor readings are outside the normal range. Please check.",Warning,"2025-05-09 08:00:00"
630,630,"Sensor readings are outside the normal range. Please check.",Warning,"2025-05-10 08:00:00"
631,631,"Sensor readings are normal.",Info,"2025-05-11 08:00:00"
632,632,"Sensor readings are in a dangerous range! Immediate action required.",Critical,"2025-05-12 08:00:00"
633,633,"Sensor readings are normal.",Info,"2025-05-13 08:00:00"
634,634,"Sensor readings are normal.",Info,"2025-05-14 08:00:00"
635,635,"Sensor readings are outside the normal range. Please check.",Warning,"2025-05-15 08:00:00"
636,636,"Sensor readings are in a dangerous range! Immediate action required.",Critical,"2025-05-16 08:00:00"
637,637,"Sensor readings are outside the normal range. Please check.",Warning,"2025-05-17 08:00:00"
638,638,"Sensor readings are normal.",Info,"2025-05-18 08:00:00"
639,639,"Sensor readings are in a dangerous range! Immediate action required.",Critical,"2025-05-19 08:00:00"
640,640,"Sensor readings are outside the normal range. Please check.",Warning,"2025-05-20 08:00:00"
641,641,"Sensor readings are outside the normal range. Please check.",Warning,"2025-05-21 08:00:00"
642,642,"Sensor readings are in a dangerous range! Immediate action required.",Critical,"2025-05-22 08:00:00"
643,643,"Sensor readings are outside the normal range. Please check.",Warning,"2025-05-23 08:00:00"
644,644,"Sensor readings are outside the normal range. Please check.",Warning,"2025-05-24 08:00:00"
645,645,"Sensor readings are outside the normal range. Please check.",Warning,"2025-05-25 08:00:00"
646,646,"Sensor readings are in a dangerous range! Immediate action required.",Critical,"2025-05-26 08:00:00"
647,647,"Sensor readings are outside the normal range. Please check.",Warning,"2025-05-27 08:00:00"
648,648,"Sensor readings are outside the normal range. Please check.",Warning,"2025-05-28 08:00:00"
649,649,"Sensor readings are normal.",Info,"2025-05-29 08:00:00"
650,650,"Sensor readings are in a dangerous range! Immediate action required.",Critical,"2025-05-30 08:00:00"
651,651,"Sensor readings are normal.",Info,"2025-05-31 08:00:00"
652,652,"Sensor readings are normal.",Info,"2025-06-01 08:00:00"
653,653,"Sensor readings are normal.",Info,"2025-06-02 08:00:00"
654,654,"Sensor readings are in a dangerous range! Immediate action required.",Critical,"2025-06-03 08:00:00"
655,655,"Sensor readings are normal.",Info,"2025-06-04 08:00:00"
656,656,"Sensor readings are outside the normal range. Please check.",Warning,"2025-06-05 08:00:00"
657,657,"Sensor readings are in a dangerous range! Immediate action required.",Critical,"2025-06-06 08:00:00"
658,658,"Sensor readings are in a dangerous range! Immediate action required.",Critical,"2025-06-07 08:00:00"
659,659,"Sensor readings are in a dangerous range! Immediate action required.",Critical,"2025-06-08 08:00:00"
660,660,"Sensor readings are normal.",Info,"2025-06-09 08:00:00"
661,661,"Sensor readings are normal.",Info,"2025-06-10 08:00:00"
662,662,"Sensor readings are normal.",Info,"2025-06-11 08:00:00"
663,663,"Sensor readings are in a dangerous range! Immediate action required.",Critical,"2025-06-12 08:00:00"
664,664,"Sensor readings are outside the normal range. Please check.",Warning,"2025-06-13 08:00:00"
665,665,"Sensor readings are normal.",Info,"2025-06-14 08:00:00"
666,666,"Sensor readings are outside the normal range. Please check.",Warning,"2025-06-15 08:00:00"
667,667,"Sensor readings are normal.",Info,"2025-06-16 08:00:00"
668,668,"Sensor readings are normal.",Info,"2025-06-17 08:00:00"
669,669,"Sensor readings are in a dangerous range! Immediate action required.",Critical,"2025-06-18 08:00:00"
670,670,"Sensor readings are outside the normal range. Please check.",Warning,"2025-06-19 08:00:00"
671,671,"Sensor readings are in a dangerous range! Immediate action required.",Critical,"2025-06-20 08:00:00"
672,672,"Sensor readings are normal.",Info,"2025-06-21 08:00:00"
673,673,"Sensor readings are normal.",Info,"2025-06-22 08:00:00"
674,674,"Sensor readings are outside the normal range. Please check.",Warning,"2025-06-23 08:00:00"
675,675,"Sensor readings are normal.",Info,"2025-06-24 08:00:00"
676,676,"Sensor readings are outside the normal range. Please check.",Warning,"2025-06-25 08:00:00"
677,677,"Sensor readings are in a dangerous range! Immediate action required.",Critical,"2025-06-26 08:00:00"
678,678,"Sensor readings are in a dangerous range! Immediate action required.",Critical,"2025-06-27 08:00:00"
679,679,"Sensor readings are outside the normal range. Please check.",Warning,"2025-06-28 08:00:00"
680,680,"Sensor readings are outside the normal range. Please check.",Warning,"2025-06-29 08:00:00"
681,681,"Sensor readings are outside the normal range. Please check.",Warning,"2025-06-30 08:00:00"
682,682,"Sensor readings are in a dangerous range! Immediate action required.",Critical,"2025-07-01 08:00:00"
683,683,"Sensor readings are normal.",Info,"2025-07-02 08:00:00"
684,684,"Sensor readings are outside the normal range. Please check.",Warning,"2025-07-03 08:00:00"
685,685,"Sensor readings are outside the normal range. Please check.",Warning,"2025-07-04 08:00:00"
686,686,"Sensor readings are normal.",Info,"2025-07-05 08:00:00"
687,687,"Sensor readings are outside the normal range. Please check.",Warning,"2025-07-06 08:00:00"
688,688,"Sensor readings are in a dangerous range! Immediate action required.",Critical,"2025-07-07 08:00:00"
689,689,"Sensor readings are in a dangerous range! Immediate action required.",Critical,"2025-07-08 08:00:00"
690,690,"Sensor readings are in a dangerous range! Immediate action required.",Critical,"2025-07-09 08:00:00"
691,691,"Sensor readings are outside the normal range. Please check.",Warning,"2025-07-10 08:00:00"
692,692,"Sensor readings are in a dangerous range! Immediate action required.",Critical,"2025-07-11 08:00:00"
693,693,"Sensor readings are normal.",Info,"2025-07-12 08:00:00"
694,694,"Sensor readings are outside the normal range. Please check.",Warning,"2025-07-13 08:00:00"
695,695,"Sensor readings are outside the normal range. Please check.",Warning,"2025-07-14 08:00:00"
696,696,"Sensor readings are normal.",Info,"2025-07-15 08:00:00"
697,697,"Sensor readings are in a dangerous range! Immediate action required.",Critical,"2025-07-16 08:00:00"
698,698,"Sensor readings are in a dangerous range! Immediate action required.",Critical,"2025-07-17 08:00:00"
699,699,"Sensor readings are in a dangerous range! Immediate action required.",Critical,"2025-07-18 08:00:00"
700,700,"Sensor readings are outside the normal range. Please check.",Warning,"2025-07-19 08:00:00"
701,701,"Sensor readings are normal.",Info,"2025-01-01 08:00:00"
702,702,"Sensor readings are normal.",Info,"2025-01-02 08:00:00"
703,703,"Sensor readings are outside the normal range. Please check.",Warning,"2025-01-03 08:00:00"
704,704,"Sensor readings are outside the normal range. Please check.",Warning,"2025-01-04 08:00:00"
705,705,"Sensor readings are in a dangerous range! Immediate action required.",Critical,"2025-01-05 08:00:00"
706,706,"Sensor readings are in a dangerous range! Immediate action required.",Critical,"2025-01-06 08:00:00"
707,707,"Sensor readings are normal.",Info,"2025-01-07 08:00:00"
708,708,"Sensor readings are normal.",Info,"2025-01-08 08:00:00"
709,709,"Sensor readings are normal.",Info,"2025-01-09 08:00:00"
710,710,"Sensor readings are normal.",Info,"2025-01-10 08:00:00"
711,711,"Sensor readings are outside the normal range. Please check.",Warning,"2025-01-11 08:00:00"
712,712,"Sensor readings are in a dangerous range! Immediate action required.",Critical,"2025-01-12 08:00:00"
713,713,"Sensor readings are in a dangerous range! Immediate action required.",Critical,"2025-01-13 08:00:00"
714,714,"Sensor readings are normal.",Info,"2025-01-14 08:00:00"
715,715,"Sensor readings are outside the normal range. Please check.",Warning,"2025-01-15 08:00:00"
716,716,"Sensor readings are in a dangerous range! Immediate action required.",Critical,"2025-01-16 08:00:00"
717,717,"Sensor readings are in a dangerous range! Immediate action required.",Critical,"2025-01-17 08:00:00"
718,718,"Sensor readings are in a dangerous range! Immediate action required.",Critical,"2025-01-18 08:00:00"
719,719,"Sensor readings are outside the normal range. Please check.",Warning,"2025-01-19 08:00:00"
720,720,"Sensor readings are normal.",Info,"2025-01-20 08:00:00"
721,721,"Sensor readings are in a dangerous range! Immediate action required.",Critical,"2025-01-21 08:00:00"
722,722,"Sensor readings are normal.",Info,"2025-01-22 08:00:00"
723,723,"Sensor readings are outside the normal range. Please check.",Warning,"2025-01-23 08:00:00"
724,724,"Sensor readings are in a dangerous range! Immediate action required.",Critical,"2025-01-24 08:00:00"
725,725,"Sensor readings are in a dangerous range! Immediate action required.",Critical,"2025-01-25 08:00:00"
726,726,"Sensor readings are normal.",Info,"2025-01-26 08:00:00"
727,727,"Sensor readings are outside the normal range. Please check.",Warning,"2025-01-27 08:00:00"
728,728,"Sensor readings are normal.",Info,"2025-01-28 08:00:00"
729,729,"Sensor readings are outside the normal range. Please check.",Warning,"2025-01-29 08:00:00"
730,730,"Sensor readings are outside the normal range. Please check.",Warning,"2025-01-30 08:00:00"
731,731,"Sensor readings are outside the normal range. Please check.",Warning,"2025-01-31 08:00:00"
732,732,"Sensor readings are in a dangerous range! Immediate action required.",Critical,"2025-02-01 08:00:00"
733,733,"Sensor readings are in a dangerous range! Immediate action required.",Critical,"2025-02-02 08:00:00"
734,734,"Sensor readings are in a dangerous range! Immediate action required.",Critical,"2025-02-03 08:00:00"
735,735,"Sensor readings are outside the normal range. Please check.",Warning,"2025-02-04 08:00:00"
736,736,"Sensor readings are outside the normal range. Please check.",Warning,"2025-02-05 08:00:00"
737,737,"Sensor readings are in a dangerous range! Immediate action required.",Critical,"2025-02-06 08:00:00"
738,738,"Sensor readings are normal.",Info,"2025-02-07 08:00:00"
739,739,"Sensor readings are outside the normal range. Please check.",Warning,"2025-02-08 08:00:00"
740,740,"Sensor readings are outside the normal range. Please check.",Warning,"2025-02-09 08:00:00"
741,741,"Sensor readings are outside the normal range. Please check.",Warning,"2025-02-10 08:00:00"
742,742,"Sensor readings are outside the normal range. Please check.",Warning,"2025-02-11 08:00:00"
743,743,"Sensor readings are outside the normal range. Please check.",Warning,"2025-02-12 08:00:00"
744,744,"Sensor readings are in a dangerous range! Immediate action required.",Critical,"2025-02-13 08:00:00"
745,745,"Sensor readings are outside the normal range. Please check.",Warning,"2025-02-14 08:00:00"
746,746,"Sensor readings are in a dangerous range! Immediate action required.",Critical,"2025-02-15 08:00:00"
747,747,"Sensor readings are normal.",Info,"2025-02-16 08:00:00"
748,748,"Sensor readings are outside the normal range. Please check.",Warning,"2025-02-17 08:00:00"
749,749,"Sensor readings are outside the normal range. Please check.",Warning,"2025-02-18 08:00:00"
750,750,"Sensor readings are normal.",Info,"2025-02-19 08:00:00"
751,751,"Sensor readings are in a dangerous range! Immediate action required.",Critical,"2025-02-20 08:00:00"
752,752,"Sensor readings are outside the normal range. Please check.",Warning,"2025-02-21 08:00:00"
753,753,"Sensor readings are in a dangerous range! Immediate action required.",Critical,"2025-02-22 08:00:00"
754,754,"Sensor readings are normal.",Info,"2025-02-23 08:00:00"
755,755,"Sensor readings are outside the normal range. Please check.",Warning,"2025-02-24 08:00:00"
756,756,"Sensor readings are in a dangerous range! Immediate action required.",Critical,"2025-02-25 08:00:00"
757,757,"Sensor readings are normal.",Info,"2025-02-26 08:00:00"
758,758,"Sensor readings are normal.",Info,"2025-02-27 08:00:00"
759,759,"Sensor readings are normal.",Info,"2025-02-28 08:00:00"
760,760,"Sensor readings are normal.",Info,"2025-03-01 08:00:00"
761,761,"Sensor readings are outside the normal range. Please check.",Warning,"2025-03-02 08:00:00"
762,762,"Sensor readings are in a dangerous range! Immediate action required.",Critical,"2025-03-03 08:00:00"
763,763,"Sensor readings are in a dangerous range! Immediate action required.",Critical,"2025-03-04 08:00:00"
764,764,"Sensor readings are in a dangerous range! Immediate action required.",Critical,"2025-03-05 08:00:00"
765,765,"Sensor readings are outside the normal range. Please check.",Warning,"2025-03-06 08:00:00"
766,766,"Sensor readings are outside the normal range. Please check.",Warning,"2025-03-07 08:00:00"
767,767,"Sensor readings are outside the normal range. Please check.",Warning,"2025-03-08 08:00:00"
768,768,"Sensor readings are in a dangerous range! Immediate action required.",Critical,"2025-03-09 08:00:00"
769,769,"Sensor readings are in a dangerous range! Immediate action required.",Critical,"2025-03-10 08:00:00"
770,770,"Sensor readings are outside the normal range. Please check.",Warning,"2025-03-11 08:00:00"
771,771,"Sensor readings are in a dangerous range! Immediate action required.",Critical,"2025-03-12 08:00:00"
772,772,"Sensor readings are in a dangerous range! Immediate action required.",Critical,"2025-03-13 08:00:00"
773,773,"Sensor readings are outside the normal range. Please check.",Warning,"2025-03-14 08:00:00"
774,774,"Sensor readings are normal.",Info,"2025-03-15 08:00:00"
775,775,"Sensor readings are outside the normal range. Please check.",Warning,"2025-03-16 08:00:00"
776,776,"Sensor readings are normal.",Info,"2025-03-17 08:00:00"
777,777,"Sensor readings are in a dangerous range! Immediate action required.",Critical,"2025-03-18 08:00:00"
778,778,"Sensor readings are outside the normal range. Please check.",Warning,"2025-03-19 08:00:00"
779,779,"Sensor readings are normal.",Info,"2025-03-20 08:00:00"
780,780,"Sensor readings are normal.",Info,"2025-03-21 08:00:00"
781,781,"Sensor readings are outside the normal range. Please check.",Warning,"2025-03-22 08:00:00"
782,782,"Sensor readings are normal.",Info,"2025-03-23 08:00:00"
783,783,"Sensor readings are outside the normal range. Please check.",Warning,"2025-03-24 08:00:00"
784,784,"Sensor readings are normal.",Info,"2025-03-25 08:00:00"
785,785,"Sensor readings are normal.",Info,"2025-03-26 08:00:00"
786,786,"Sensor readings are outside the normal range. Please check.",Warning,"2025-03-27 08:00:00"
787,787,"Sensor readings are in a dangerous range! Immediate action required.",Critical,"2025-03-28 08:00:00"
788,788,"Sensor readings are in a dangerous range! Immediate action required.",Critical,"2025-03-29 08:00:00"
789,789,"Sensor readings are normal.",Info,"2025-03-30 08:00:00"
790,790,"Sensor readings are normal.",Info,"2025-03-31 08:00:00"
791,791,"Sensor readings are in a dangerous range! Immediate action required.",Critical,"2025-04-01 08:00:00"
792,792,"Sensor readings are normal.",Info,"2025-04-02 08:00:00"
793,793,"Sensor readings are outside the normal range. Please check.",Warning,"2025-04-03 08:00:00"
794,794,"Sensor readings are outside the normal range. Please check.",Warning,"2025-04-04 08:00:00"
795,795,"Sensor readings are in a dangerous range! Immediate action required.",Critical,"2025-04-05 08:00:00"
796,796,"Sensor readings are outside the normal range. Please check.",Warning,"2025-04-06 08:00:00"
797,797,"Sensor readings are normal.",Info,"2025-04-07 08:00:00"
798,798,"Sensor readings are in a dangerous range! Immediate action required.",Critical,"2025-04-08 08:00:00"
799,799,"Sensor readings are outside the normal range. Please check.",Warning,"2025-04-09 08:00:00"
800,800,"Sensor readings are outside the normal range. Please check.",Warning,"2025-04-10 08:00:00"
801,801,"Sensor readings are outside the normal range. Please check.",Warning,"2025-01-01 08:00:00"
802,802,"Sensor readings are normal.",Info,"2025-01-02 08:00:00"
803,803,"Sensor readings are outside the normal range. Please check.",Warning,"2025-01-03 08:00:00"
804,804,"Sensor readings are outside the normal range. Please check.",Warning,"2025-01-04 08:00:00"
805,805,"Sensor readings are outside the normal range. Please check.",Warning,"2025-01-05 08:00:00"
806,806,"Sensor readings are normal.",Info,"2025-01-06 08:00:00"
807,807,"Sensor readings are in a dangerous range! Immediate action required.",Critical,"2025-01-07 08:00:00"
808,808,"Sensor readings are in a dangerous range! Immediate action required.",Critical,"2025-01-08 08:00:00"
809,809,"Sensor readings are normal.",Info,"2025-01-09 08:00:00"
810,810,"Sensor readings are normal.",Info,"2025-01-10 08:00:00"
811,811,"Sensor readings are in a dangerous range! Immediate action required.",Critical,"2025-01-11 08:00:00"
812,812,"Sensor readings are normal.",Info,"2025-01-12 08:00:00"
813,813,"Sensor readings are normal.",Info,"2025-01-13 08:00:00"
814,814,"Sensor readings are normal.",Info,"2025-01-14 08:00:00"
815,815,"Sensor readings are outside the normal range. Please check.",Warning,"2025-01-15 08:00:00"
816,816,"Sensor readings are outside the normal range. Please check.",Warning,"2025-01-16 08:00:00"
817,817,"Sensor readings are normal.",Info,"2025-01-17 08:00:00"
818,818,"Sensor readings are outside the normal range. Please check.",Warning,"2025-01-18 08:00:00"
819,819,"Sensor readings are outside the normal range. Please check.",Warning,"2025-01-19 08:00:00"
820,820,"Sensor readings are normal.",Info,"2025-01-20 08:00:00"
821,821,"Sensor readings are outside the normal range. Please check.",Warning,"2025-01-21 08:00:00"
822,822,"Sensor readings are in a dangerous range! Immediate action required.",Critical,"2025-01-22 08:00:00"
823,823,"Sensor readings are normal.",Info,"2025-01-23 08:00:00"
824,824,"Sensor readings are in a dangerous range! Immediate action required.",Critical,"2025-01-24 08:00:00"
825,825,"Sensor readings are outside the normal range. Please check.",Warning,"2025-01-25 08:00:00"
826,826,"Sensor readings are outside the normal range. Please check.",Warning,"2025-01-26 08:00:00"
827,827,"Sensor readings are normal.",Info,"2025-01-27 08:00:00"
828,828,"Sensor readings are normal.",Info,"2025-01-28 08:00:00"
829,829,"Sensor readings are normal.",Info,"2025-01-29 08:00:00"
830,830,"Sensor readings are normal.",Info,"2025-01-30 08:00:00"
831,831,"Sensor readings are outside the normal range. Please check.",Warning,"2025-01-31 08:00:00"
832,832,"Sensor readings are normal.",Info,"2025-02-01 08:00:00"
833,833,"Sensor readings are in a dangerous range! Immediate action required.",Critical,"2025-02-02 08:00:00"
834,834,"Sensor readings are normal.",Info,"2025-02-03 08:00:00"
835,835,"Sensor readings are outside the normal range. Please check.",Warning,"2025-02-04 08:00:00"
836,836,"Sensor readings are normal.",Info,"2025-02-05 08:00:00"
837,837,"Sensor readings are normal.",Info,"2025-02-06 08:00:00"
838,838,"Sensor readings are outside the normal range. Please check.",Warning,"2025-02-07 08:00:00"
839,839,"Sensor readings are normal.",Info,"2025-02-08 08:00:00"
840,840,"Sensor readings are in a dangerous range! Immediate action required.",Critical,"2025-02-09 08:00:00"
841,841,"Sensor readings are in a dangerous range! Immediate action required.",Critical,"2025-02-10 08:00:00"
842,842,"Sensor readings are outside the normal range. Please check.",Warning,"2025-02-11 08:00:00"
843,843,"Sensor readings are normal.",Info,"2025-02-12 08:00:00"
844,844,"Sensor readings are normal.",Info,"2025-02-13 08:00:00"
845,845,"Sensor readings are in a dangerous range! Immediate action required.",Critical,"2025-02-14 08:00:00"
846,846,"Sensor readings are outside the normal range. Please check.",Warning,"2025-02-15 08:00:00"
847,847,"Sensor readings are normal.",Info,"2025-02-16 08:00:00"
848,848,"Sensor readings are normal.",Info,"2025-02-17 08:00:00"
849,849,"Sensor readings are outside the normal range. Please check.",Warning,"2025-02-18 08:00:00"
850,850,"Sensor readings are normal.",Info,"2025-02-19 08:00:00"
851,851,"Sensor readings are in a dangerous range! Immediate action required.",Critical,"2025-02-20 08:00:00"
852,852,"Sensor readings are normal.",Info,"2025-02-21 08:00:00"
853,853,"Sensor readings are normal.",Info,"2025-02-22 08:00:00"
854,854,"Sensor readings are in a dangerous range! Immediate action required.",Critical,"2025-02-23 08:00:00"
855,855,"Sensor readings are outside the normal range. Please check.",Warning,"2025-02-24 08:00:00"
856,856,"Sensor readings are normal.",Info,"2025-02-25 08:00:00"
857,857,"Sensor readings are in a dangerous range! Immediate action required.",Critical,"2025-02-26 08:00:00"
858,858,"Sensor readings are normal.",Info,"2025-02-27 08:00:00"
859,859,"Sensor readings are outside the normal range. Please check.",Warning,"2025-02-28 08:00:00"
860,860,"Sensor readings are normal.",Info,"2025-03-01 08:00:00"
861,861,"Sensor readings are normal.",Info,"2025-03-02 08:00:00"
862,862,"Sensor readings are outside the normal range. Please check.",Warning,"2025-03-03 08:00:00"
863,863,"Sensor readings are normal.",Info,"2025-03-04 08:00:00"
864,864,"Sensor readings are normal.",Info,"2025-03-05 08:00:00"
865,865,"Sensor readings are normal.",Info,"2025-03-06 08:00:00"
866,866,"Sensor readings are in a dangerous range! Immediate action required.",Critical,"2025-03-07 08:00:00"
867,867,"Sensor readings are in a dangerous range! Immediate action required.",Critical,"2025-03-08 08:00:00"
868,868,"Sensor readings are outside the normal range. Please check.",Warning,"2025-03-09 08:00:00"
869,869,"Sensor readings are outside the normal range. Please check.",Warning,"2025-03-10 08:00:00"
870,870,"Sensor readings are normal.",Info,"2025-03-11 08:00:00"
871,871,"Sensor readings are outside the normal range. Please check.",Warning,"2025-03-12 08:00:00"
872,872,"Sensor readings are in a dangerous range! Immediate action required.",Critical,"2025-03-13 08:00:00"
873,873,"Sensor readings are outside the normal range. Please check.",Warning,"2025-03-14 08:00:00"
874,874,"Sensor readings are normal.",Info,"2025-03-15 08:00:00"
875,875,"Sensor readings are outside the normal range. Please check.",Warning,"2025-03-16 08:00:00"
876,876,"Sensor readings are outside the normal range. Please check.",Warning,"2025-03-17 08:00:00"
877,877,"Sensor readings are outside the normal range. Please check.",Warning,"2025-03-18 08:00:00"
878,878,"Sensor readings are in a dangerous range! Immediate action required.",Critical,"2025-03-19 08:00:00"
879,879,"Sensor readings are outside the normal range. Please check.",Warning,"2025-03-20 08:00:00"
880,880,"Sensor readings are outside the normal range. Please check.",Warning,"2025-03-21 08:00:00"
881,881,"Sensor readings are normal.",Info,"2025-03-22 08:00:00"
882,882,"Sensor readings are outside the normal range. Please check.",Warning,"2025-03-23 08:00:00"
883,883,"Sensor readings are outside the normal range. Please check.",Warning,"2025-03-24 08:00:00"
884,884,"Sensor readings are normal.",Info,"2025-03-25 08:00:00"
885,885,"Sensor readings are in a dangerous range! Immediate action required.",Critical,"2025-03-26 08:00:00"
886,886,"Sensor readings are outside the normal range. Please check.",Warning,"2025-03-27 08:00:00"
887,887,"Sensor readings are in a dangerous range! Immediate action required.",Critical,"2025-03-28 08:00:00"
888,888,"Sensor readings are outside the normal range. Please check.",Warning,"2025-03-29 08:00:00"
889,889,"Sensor readings are normal.",Info,"2025-03-30 08:00:00"
890,890,"Sensor readings are normal.",Info,"2025-03-31 08:00:00"
891,891,"Sensor readings are normal.",Info,"2025-04-01 08:00:00"
892,892,"Sensor readings are in a dangerous range! Immediate action required.",Critical,"2025-04-02 08:00:00"
893,893,"Sensor readings are in a dangerous range! Immediate action required.",Critical,"2025-04-03 08:00:00"
894,894,"Sensor readings are normal.",Info,"2025-04-04 08:00:00"
895,895,"Sensor readings are outside the normal range. Please check.",Warning,"2025-04-05 08:00:00"
896,896,"Sensor readings are normal.",Info,"2025-04-06 08:00:00"
897,897,"Sensor readings are normal.",Info,"2025-04-07 08:00:00"
898,898,"Sensor readings are in a dangerous range! Immediate action required.",Critical,"2025-04-08 08:00:00"
899,899,"Sensor readings are in a dangerous range! Immediate action required.",Critical,"2025-04-09 08:00:00"
900,900,"Sensor readings are in a dangerous range! Immediate action required.",Critical,"2025-04-10 08:00:00"
901,901,"Sensor readings are outside the normal range. Please check.",Warning,"2025-01-01 08:00:00"
902,902,"Sensor readings are normal.",Info,"2025-01-02 08:00:00"
903,903,"Sensor readings are in a dangerous range! Immediate action required.",Critical,"2025-01-03 08:00:00"
904,904,"Sensor readings are in a dangerous range! Immediate action required.",Critical,"2025-01-04 08:00:00"
905,905,"Sensor readings are outside the normal range. Please check.",Warning,"2025-01-05 08:00:00"
906,906,"Sensor readings are normal.",Info,"2025-01-06 08:00:00"
907,907,"Sensor readings are in a dangerous range! Immediate action required.",Critical,"2025-01-07 08:00:00"
908,908,"Sensor readings are normal.",Info,"2025-01-08 08:00:00"
909,909,"Sensor readings are outside the normal range. Please check.",Warning,"2025-01-09 08:00:00"
910,910,"Sensor readings are normal.",Info,"2025-01-10 08:00:00"
911,911,"Sensor readings are normal.",Info,"2025-01-11 08:00:00"
912,912,"Sensor readings are in a dangerous range! Immediate action required.",Critical,"2025-01-12 08:00:00"
913,913,"Sensor readings are normal.",Info,"2025-01-13 08:00:00"
914,914,"Sensor readings are outside the normal range. Please check.",Warning,"2025-01-14 08:00:00"
915,915,"Sensor readings are outside the normal range. Please check.",Warning,"2025-01-15 08:00:00"
916,916,"Sensor readings are outside the normal range. Please check.",Warning,"2025-01-16 08:00:00"
917,917,"Sensor readings are normal.",Info,"2025-01-17 08:00:00"
918,918,"Sensor readings are normal.",Info,"2025-01-18 08:00:00"
919,919,"Sensor readings are in a dangerous range! Immediate action required.",Critical,"2025-01-19 08:00:00"
920,920,"Sensor readings are in a dangerous range! Immediate action required.",Critical,"2025-01-20 08:00:00"
921,921,"Sensor readings are outside the normal range. Please check.",Warning,"2025-01-21 08:00:00"
922,922,"Sensor readings are outside the normal range. Please check.",Warning,"2025-01-22 08:00:00"
923,923,"Sensor readings are normal.",Info,"2025-01-23 08:00:00"
924,924,"Sensor readings are outside the normal range. Please check.",Warning,"2025-01-24 08:00:00"
925,925,"Sensor readings are in a dangerous range! Immediate action required.",Critical,"2025-01-25 08:00:00"
926,926,"Sensor readings are outside the normal range. Please check.",Warning,"2025-01-26 08:00:00"
927,927,"Sensor readings are in a dangerous range! Immediate action required.",Critical,"2025-01-27 08:00:00"
928,928,"Sensor readings are outside the normal range. Please check.",Warning,"2025-01-28 08:00:00"
929,929,"Sensor readings are in a dangerous range! Immediate action required.",Critical,"2025-01-29 08:00:00"
930,930,"Sensor readings are in a dangerous range! Immediate action required.",Critical,"2025-01-30 08:00:00"
931,931,"Sensor readings are in a dangerous range! Immediate action required.",Critical,"2025-01-31 08:00:00"
932,932,"Sensor readings are in a dangerous range! Immediate action required.",Critical,"2025-02-01 08:00:00"
933,933,"Sensor readings are outside the normal range. Please check.",Warning,"2025-02-02 08:00:00"
934,934,"Sensor readings are in a dangerous range! Immediate action required.",Critical,"2025-02-03 08:00:00"
935,935,"Sensor readings are outside the normal range. Please check.",Warning,"2025-02-04 08:00:00"
936,936,"Sensor readings are outside the normal range. Please check.",Warning,"2025-02-05 08:00:00"
937,937,"Sensor readings are in a dangerous range! Immediate action required.",Critical,"2025-02-06 08:00:00"
938,938,"Sensor readings are normal.",Info,"2025-02-07 08:00:00"
939,939,"Sensor readings are normal.",Info,"2025-02-08 08:00:00"
940,940,"Sensor readings are in a dangerous range! Immediate action required.",Critical,"2025-02-09 08:00:00"
941,941,"Sensor readings are outside the normal range. Please check.",Warning,"2025-02-10 08:00:00"
942,942,"Sensor readings are in a dangerous range! Immediate action required.",Critical,"2025-02-11 08:00:00"
943,943,"Sensor readings are in a dangerous range! Immediate action required.",Critical,"2025-02-12 08:00:00"
944,944,"Sensor readings are normal.",Info,"2025-02-13 08:00:00"
945,945,"Sensor readings are in a dangerous range! Immediate action required.",Critical,"2025-02-14 08:00:00"
946,946,"Sensor readings are normal.",Info,"2025-02-15 08:00:00"
947,947,"Sensor readings are in a dangerous range! Immediate action required.",Critical,"2025-02-16 08:00:00"
948,948,"Sensor readings are in a dangerous range! Immediate action required.",Critical,"2025-02-17 08:00:00"
949,949,"Sensor readings are normal.",Info,"2025-02-18 08:00:00"
950,950,"Sensor readings are normal.",Info,"2025-02-19 08:00:00"
951,951,"Sensor readings are in a dangerous range! Immediate action required.",Critical,"2025-02-20 08:00:00"
952,952,"Sensor readings are normal.",Info,"2025-02-21 08:00:00"
953,953,"Sensor readings are in a dangerous range! Immediate action required.",Critical,"2025-02-22 08:00:00"
954,954,"Sensor readings are outside the normal range. Please check.",Warning,"2025-02-23 08:00:00"
955,955,"Sensor readings are in a dangerous range! Immediate action required.",Critical,"2025-02-24 08:00:00"
956,956,"Sensor readings are in a dangerous range! Immediate action required.",Critical,"2025-02-25 08:00:00"
957,957,"Sensor readings are normal.",Info,"2025-02-26 08:00:00"
958,958,"Sensor readings are normal.",Info,"2025-02-27 08:00:00"
959,959,"Sensor readings are in a dangerous range! Immediate action required.",Critical,"2025-02-28 08:00:00"
960,960,"Sensor readings are in a dangerous range! Immediate action required.",Critical,"2025-03-01 08:00:00"
961,961,"Sensor readings are normal.",Info,"2025-03-02 08:00:00"
962,962,"Sensor readings are normal.",Info,"2025-03-03 08:00:00"
963,963,"Sensor readings are normal.",Info,"2025-03-04 08:00:00"
964,964,"Sensor readings are outside the normal range. Please check.",Warning,"2025-03-05 08:00:00"
965,965,"Sensor readings are normal.",Info,"2025-03-06 08:00:00"
966,966,"Sensor readings are in a dangerous range! Immediate action required.",Critical,"2025-03-07 08:00:00"
967,967,"Sensor readings are outside the normal range. Please check.",Warning,"2025-03-08 08:00:00"
968,968,"Sensor readings are outside the normal range. Please check.",Warning,"2025-03-09 08:00:00"
969,969,"Sensor readings are outside the normal range. Please check.",Warning,"2025-03-10 08:00:00"
970,970,"Sensor readings are outside the normal range. Please check.",Warning,"2025-03-11 08:00:00"
971,971,"Sensor readings are normal.",Info,"2025-03-12 08:00:00"
972,972,"Sensor readings are in a dangerous range! Immediate action required.",Critical,"2025-03-13 08:00:00"
973,973,"Sensor readings are in a dangerous range! Immediate action required.",Critical,"2025-03-14 08:00:00"
974,974,"Sensor readings are normal.",Info,"2025-03-15 08:00:00"
975,975,"Sensor readings are outside the normal range. Please check.",Warning,"2025-03-16 08:00:00"
976,976,"Sensor readings are outside the normal range. Please check.",Warning,"2025-03-17 08:00:00"
977,977,"Sensor readings are normal.",Info,"2025-03-18 08:00:00"
978,978,"Sensor readings are outside the normal range. Please check.",Warning,"2025-03-19 08:00:00"
979,979,"Sensor readings are normal.",Info,"2025-03-20 08:00:00"
980,980,"Sensor readings are normal.",Info,"2025-03-21 08:00:00"
981,981,"Sensor readings are normal.",Info,"2025-03-22 08:00:00"
982,982,"Sensor readings are outside the normal range. Please check.",Warning,"2025-03-23 08:00:00"
983,983,"Sensor readings are in a dangerous range! Immediate action required.",Critical,"2025-03-24 08:00:00"
984,984,"Sensor readings are in a dangerous range! Immediate action required.",Critical,"2025-03-25 08:00:00"
985,985,"Sensor readings are in a dangerous range! Immediate action required.",Critical,"2025-03-26 08:00:00"
986,986,"Sensor readings are outside the normal range. Please check.",Warning,"2025-03-27 08:00:00"
987,987,"Sensor readings are outside the normal range. Please check.",Warning,"2025-03-28 08:00:00"
988,988,"Sensor readings are normal.",Info,"2025-03-29 08:00:00"
989,989,"Sensor readings are outside the normal range. Please check.",Warning,"2025-03-30 08:00:00"
990,990,"Sensor readings are in a dangerous range! Immediate action required.",Critical,"2025-03-31 08:00:00"
991,991,"Sensor readings are in a dangerous range! Immediate action required.",Critical,"2025-04-01 08:00:00"
992,992,"Sensor readings are outside the normal range. Please check.",Warning,"2025-04-02 08:00:00"
993,993,"Sensor readings are normal.",Info,"2025-04-03 08:00:00"
994,994,"Sensor readings are outside the normal range. Please check.",Warning,"2025-04-04 08:00:00"
995,995,"Sensor readings are in a dangerous range! Immediate action required.",Critical,"2025-04-05 08:00:00"
996,996,"Sensor readings are normal.",Info,"2025-04-06 08:00:00"
997,997,"Sensor readings are normal.",Info,"2025-04-07 08:00:00"
998,998,"Sensor readings are in a dangerous range! Immediate action required.",Critical,"2025-04-08 08:00:00"
999,999,"Sensor readings are normal.",Info,"2025-04-09 08:00:00"
1000,1000,"Sensor readings are normal.",Info,"2025-04-10 08:00:00"
