PlantID,PlantName,PlantSeason,GrowthStage,CropDensity,PestPressure
1,rice,March,Seedling,11.7439,57.6073
2,rice,March,Seedling,16.7971,74.7369
3,rice,March,Seedling,12.6544,1.03448
4,rice,March,Flowering,10.8644,24.0919
5,rice,March,Vegetative,13.8529,38.8115
6,rice,March,Flowering,13.4785,82.0734
7,rice,March,Seedling,13.4876,48.8146
8,rice,March,Seedling,8.63078,80.1278
9,rice,March,Flowering,11.2601,89.8702
10,rice,March,Seedling,11.8854,26.5443
11,rice,March,Seedling,19.8038,43.015
12,rice,March,Seedling,6.02462,65.4293
13,rice,March,Flowering,7.7556,44.7769
14,rice,March,Seedling,7.55288,80.6213
15,rice,March,Vegetative,13.5204,91.7189
16,rice,March,Flowering,14.3122,13.3581
17,rice,March,Flowering,15.3032,31.4294
18,rice,March,Flowering,6.8867,14.4834
19,rice,March,Vegetative,8.66939,50.1616
20,rice,March,Vegetative,13.4192,21.4276
21,rice,March,Vegetative,13.3312,90.8751
22,rice,March,Flowering,11.4394,43.7082
23,rice,March,Flowering,5.26135,37.0839
24,rice,March,Seedling,5.8441,71.0615
25,rice,March,Flowering,7.67441,66.6866
26,rice,March,Seedling,13.4203,66.9663
27,rice,March,Seedling,10.7209,89.9417
28,rice,March,Flowering,9.28855,34.1266
29,rice,March,Vegetative,15.9294,42.5712
30,rice,March,Flowering,6.14182,41.5563
31,rice,March,Seedling,14.308,45.5798
32,rice,March,Seedling,10.6443,32.1811
33,rice,March,Seedling,15.79,5.00083
34,rice,March,Vegetative,10.9923,46.7254
35,rice,March,Seedling,8.58872,2.00245
36,rice,March,Seedling,19.9402,18.5928
37,rice,March,Vegetative,6.1919,2.72002
38,rice,March,Flowering,7.62425,62.715
39,rice,March,Vegetative,13.1585,45.7335
40,rice,March,Flowering,19.6698,13.4156
41,rice,March,Flowering,17.7477,79.5255
42,rice,March,Flowering,14.8303,82.172
43,rice,March,Seedling,5.5451,86.3719
44,rice,March,Seedling,7.03184,43.3873
45,rice,March,Seedling,14.0808,90.0907
46,rice,March,Vegetative,8.77505,98.9995
47,rice,March,Vegetative,6.76543,88.5525
48,rice,March,Vegetative,18.0521,12.7972
49,rice,March,Flowering,5.72466,51.5098
50,rice,March,Seedling,15.9515,11.0105
51,rice,March,Seedling,14.0545,41.56
52,rice,March,Flowering,12.2773,98.5319
53,rice,March,Seedling,9.94381,25.9681
54,rice,March,Seedling,15.1347,70.6263
55,rice,March,Vegetative,13.6656,14.4328
56,rice,March,Seedling,11.0063,99.4303
57,rice,March,Vegetative,7.12067,10.9532
58,rice,March,Seedling,6.26214,51.3199
59,rice,March,Vegetative,11.3466,70.2103
60,rice,March,Seedling,13.836,59.3652
61,rice,March,Flowering,5.40718,8.70053
62,rice,March,Vegetative,18.3646,10.4475
63,rice,March,Flowering,14.3674,1.21009
64,rice,March,Vegetative,14.746,28.6362
65,rice,March,Vegetative,7.303,13.4454
66,rice,March,Flowering,11.8123,47.841
67,rice,March,Seedling,17.8795,66.8791
68,rice,March,Vegetative,7.32203,23.5213
69,rice,March,Vegetative,7.04086,66.472
70,rice,March,Seedling,13.7575,32.2915
71,rice,March,Vegetative,15.4766,41.7225
72,rice,March,Vegetative,7.14945,31.2225
73,rice,March,Vegetative,11.3143,85.205
74,rice,March,Flowering,5.51113,15.5606
75,rice,March,Seedling,14.3544,30.006
76,rice,March,Seedling,15.3856,22.1768
77,rice,March,Seedling,11.4791,47.6239
78,rice,March,Flowering,7.38225,81.3079
79,rice,March,Vegetative,16.5695,85.8221
80,rice,March,Flowering,18.7972,20.123
81,rice,March,Seedling,17.0681,62.1373
82,rice,March,Flowering,7.40716,74.6472
83,rice,March,Flowering,17.6303,6.94756
84,rice,March,Seedling,7.02052,99.3116
85,rice,March,Vegetative,8.36075,5.2567
86,rice,March,Flowering,17.2546,12.726
87,rice,March,Vegetative,16.186,92.5293
88,rice,March,Seedling,5.18382,79.063
89,rice,March,Seedling,10.0269,4.28198
90,rice,March,Vegetative,11.4325,45.205
91,rice,March,Seedling,16.2138,83.0497
92,rice,March,Vegetative,17.1413,3.97615
93,rice,March,Seedling,12.4635,21.7147
94,rice,March,Flowering,14.86,89.4733
95,rice,March,Flowering,7.98509,33.9155
96,rice,March,Flowering,7.28444,88.7919
97,rice,March,Flowering,7.41167,69.6292
98,rice,March,Flowering,10.6425,69.6535
99,rice,March,Seedling,15.9451,5.21142
100,rice,March,Seedling,5.48454,29.1372
101,maize,March,Vegetative,17.4031,91.2104
102,maize,March,Seedling,14.2561,15.8494
103,maize,March,Vegetative,9.98945,52.2578
104,maize,March,Seedling,7.3588,52.0544
105,maize,March,Seedling,8.26265,55.327
106,maize,March,Seedling,10.3517,63.2321
107,maize,March,Flowering,12.1775,49.2203
108,maize,March,Flowering,13.4969,62.6131
109,maize,March,Vegetative,5.77801,73.5512
110,maize,March,Seedling,12.5503,73.151
111,maize,March,Flowering,13.1033,31.9342
112,maize,March,Seedling,8.31929,45.2287
113,maize,March,Vegetative,12.5494,46.3821
114,maize,March,Vegetative,8.48065,4.17869
115,maize,March,Flowering,14.1462,70.0509
116,maize,March,Seedling,8.07616,88.4709
117,maize,March,Vegetative,10.8675,12.7999
118,maize,March,Seedling,13.6723,34.756
119,maize,March,Flowering,17.545,25.5702
120,maize,March,Flowering,13.717,86.7149
121,maize,March,Vegetative,9.15477,94.9147
122,maize,March,Seedling,7.47,26.7635
123,maize,March,Seedling,5.20115,83.783
124,maize,March,Vegetative,18.1987,57.8945
125,maize,March,Vegetative,13.4117,40.9811
126,maize,March,Flowering,9.75233,72.021
127,maize,March,Flowering,18.6004,13.06
128,maize,March,Seedling,15.238,9.18396
129,maize,March,Vegetative,12.6174,43.3735
130,maize,March,Vegetative,10.4818,62.5664
131,maize,March,Vegetative,5.13648,1.47228
132,maize,March,Seedling,8.4411,32.116
133,maize,March,Vegetative,12.3155,68.6996
134,maize,March,Vegetative,5.4727,72.3155
135,maize,March,Seedling,7.90994,15.7258
136,maize,March,Seedling,8.95705,97.0858
137,maize,March,Seedling,13.5915,38.87
138,maize,March,Flowering,14.5287,33.1322
139,maize,March,Seedling,19.9327,53.3624
140,maize,March,Seedling,12.7089,37.192
141,maize,March,Vegetative,7.80551,76.3193
142,maize,March,Flowering,7.04495,0.561421
143,maize,March,Flowering,9.30491,0.0381033
144,maize,March,Seedling,7.48418,20.8016
145,maize,March,Flowering,12.5168,57.0877
146,maize,March,Seedling,6.17946,27.9165
147,maize,March,Flowering,14.2557,8.67008
148,maize,March,Seedling,14.899,79.4704
149,maize,March,Vegetative,18.8462,55.006
150,maize,March,Flowering,10.1617,99.8997
151,maize,March,Flowering,15.4439,35.8673
152,maize,March,Vegetative,10.6904,62.7557
153,maize,March,Vegetative,17.8434,99.8719
154,maize,March,Flowering,16.1568,52.3315
155,maize,March,Seedling,15.9843,11.1746
156,maize,March,Seedling,16.0424,18.9744
157,maize,March,Vegetative,17.8302,20.0184
158,maize,March,Seedling,11.7798,11.5668
159,maize,March,Vegetative,18.4403,40.4603
160,maize,March,Flowering,6.75258,74.1617
161,maize,March,Vegetative,12.6476,10.3644
162,maize,March,Seedling,12.3578,14.6583
163,maize,March,Vegetative,17.6582,50.9409
164,maize,March,Vegetative,14.0809,18.2298
165,maize,March,Flowering,6.35335,78.0935
166,maize,March,Seedling,15.2497,98.6789
167,maize,March,Flowering,6.28993,83.3426
168,maize,March,Seedling,7.02891,81.5428
169,maize,March,Seedling,11.4926,16.6396
170,maize,March,Vegetative,17.797,24.0988
171,maize,March,Flowering,8.19155,39.9414
172,maize,March,Seedling,5.6947,70.6192
173,maize,March,Vegetative,12.0213,47.3622
174,maize,March,Vegetative,19.8107,62.3005
175,maize,March,Flowering,11.7169,51.1186
176,maize,March,Vegetative,10.3586,10.0304
177,maize,March,Vegetative,11.1818,57.0116
178,maize,March,Vegetative,5.41477,44.7464
179,maize,March,Flowering,9.16433,5.08129
180,maize,March,Seedling,14.3817,96.4714
181,maize,March,Flowering,7.9112,50.7102
182,maize,March,Flowering,5.46192,45.5495
183,maize,March,Vegetative,5.85057,43.673
184,maize,March,Flowering,5.7969,57.4199
185,maize,March,Flowering,16.9477,4.49493
186,maize,March,Vegetative,6.43689,94.9827
187,maize,March,Vegetative,16.9147,83.8672
188,maize,March,Seedling,13.2332,31.6995
189,maize,March,Flowering,8.08214,2.44112
190,maize,March,Seedling,19.3902,56.4385
191,maize,March,Flowering,15.0697,76.4687
192,maize,March,Vegetative,12.1992,95.3815
193,maize,March,Vegetative,11.6093,73.8831
194,maize,March,Vegetative,17.4897,64.9944
195,maize,March,Seedling,13.335,43.8854
196,maize,March,Flowering,9.96554,47.7327
197,maize,March,Seedling,8.06973,32.7695
198,maize,March,Seedling,5.19449,99.4232
199,maize,March,Vegetative,14.1793,27.7177
200,maize,March,Seedling,6.31027,99.3812
201,chickpea,March,Flowering,19.5381,84.2181
202,chickpea,March,Flowering,9.49322,33.1156
203,chickpea,March,Vegetative,17.4841,38.1836
204,chickpea,March,Vegetative,14.2227,95.4873
205,chickpea,March,Vegetative,6.41686,91.4849
206,chickpea,March,Vegetative,19.2025,64.8528
207,chickpea,March,Flowering,19.7765,44.9399
208,chickpea,March,Seedling,7.52991,66.0885
209,chickpea,March,Flowering,12.1627,27.8229
210,chickpea,March,Vegetative,14.8115,8.8224
211,chickpea,March,Flowering,11.3782,69.6177
212,chickpea,March,Vegetative,5.70562,25.2201
213,chickpea,March,Flowering,6.04748,88.803
214,chickpea,March,Seedling,14.1148,47.1181
215,chickpea,March,Vegetative,9.98947,74.2173
216,chickpea,March,Seedling,19.1923,29.5477
217,chickpea,March,Seedling,15.4154,1.65836
218,chickpea,March,Flowering,10.4665,66.888
219,chickpea,March,Seedling,5.84611,73.5944
220,chickpea,March,Flowering,19.8723,94.3799
221,chickpea,March,Vegetative,17.4655,91.7638
222,chickpea,March,Flowering,15.4377,80.5616
223,chickpea,March,Flowering,10.992,15.3335
224,chickpea,March,Seedling,12.368,54.183
225,chickpea,March,Seedling,18.0476,74.5183
226,chickpea,March,Vegetative,13.6367,78.9238
227,chickpea,March,Seedling,19.8602,41.0214
228,chickpea,March,Seedling,13.4018,62.4545
229,chickpea,March,Seedling,16.6209,26.402
230,chickpea,March,Flowering,14.1585,30.6065
231,chickpea,March,Flowering,7.56079,1.04795
232,chickpea,March,Seedling,18.2633,46.8042
233,chickpea,March,Seedling,15.4439,32.4755
234,chickpea,March,Vegetative,5.13852,28.7504
235,chickpea,March,Vegetative,11.8621,39.9701
236,chickpea,March,Flowering,15.0109,53.5674
237,chickpea,March,Vegetative,12.5272,63.3173
238,chickpea,March,Seedling,8.69467,57.7402
239,chickpea,March,Seedling,18.5178,52.2859
240,chickpea,March,Vegetative,17.2028,57.2621
241,chickpea,March,Vegetative,17.3139,19.2898
242,chickpea,March,Flowering,19.781,94.1764
243,chickpea,March,Vegetative,12.2539,28.5928
244,chickpea,March,Seedling,5.94784,40.1181
245,chickpea,March,Flowering,9.94573,23.0755
246,chickpea,March,Seedling,18.4971,85.5283
247,chickpea,March,Vegetative,8.02177,87.175
248,chickpea,March,Vegetative,19.164,56.0095
249,chickpea,March,Seedling,11.5258,6.86843
250,chickpea,March,Flowering,6.17785,0.902984
251,chickpea,March,Vegetative,17.1887,30.8413
252,chickpea,March,Vegetative,8.57204,22.6917
253,chickpea,March,Seedling,8.15643,48.7294
254,chickpea,March,Seedling,16.137,73.047
255,chickpea,March,Seedling,8.09064,59.8054
256,chickpea,March,Vegetative,10.4372,39.9734
257,chickpea,March,Vegetative,6.99893,44.6167
258,chickpea,March,Vegetative,6.24745,19.6679
259,chickpea,March,Seedling,14.5369,75.7945
260,chickpea,March,Flowering,12.0561,24.3218
261,chickpea,March,Seedling,17.9088,77.8697
262,chickpea,March,Seedling,19.0326,37.8644
263,chickpea,March,Flowering,15.0451,33.6768
264,chickpea,March,Flowering,9.28438,31.6357
265,chickpea,March,Seedling,15.0666,56.1046
266,chickpea,March,Flowering,13.8006,1.38171
267,chickpea,March,Vegetative,6.38515,44.3234
268,chickpea,March,Vegetative,11.2766,39.8222
269,chickpea,March,Vegetative,14.9533,79.0158
270,chickpea,March,Flowering,16.9578,62.3883
271,chickpea,March,Flowering,7.18838,71.199
272,chickpea,March,Flowering,9.21159,47.3731
273,chickpea,March,Vegetative,11.4161,51.2372
274,chickpea,March,Vegetative,19.3804,43.6642
275,chickpea,March,Vegetative,12.9115,29.0741
276,chickpea,March,Flowering,7.79879,68.9098
277,chickpea,March,Vegetative,14.5789,28.6759
278,chickpea,March,Seedling,12.5758,61.5908
279,chickpea,March,Flowering,19.6227,67.0398
280,chickpea,March,Vegetative,9.86762,44.72
281,chickpea,March,Seedling,13.1422,96.8057
282,chickpea,March,Vegetative,19.09,21.1888
283,chickpea,March,Flowering,19.3835,81.9554
284,chickpea,March,Flowering,8.75671,21.6368
285,chickpea,March,Flowering,18.0661,24.982
286,chickpea,March,Flowering,13.7368,64.7786
287,chickpea,March,Seedling,6.77376,14.8654
288,chickpea,March,Flowering,10.3313,85.7715
289,chickpea,March,Flowering,8.81436,88.8643
290,chickpea,March,Seedling,15.4662,55.698
291,chickpea,March,Vegetative,16.0978,85.6674
292,chickpea,March,Vegetative,5.57247,67.6402
293,chickpea,March,Flowering,6.08352,78.4867
294,chickpea,March,Seedling,19.3864,41.9088
295,chickpea,March,Seedling,11.9949,93.4484
296,chickpea,March,Vegetative,5.8841,58.0626
297,chickpea,March,Flowering,13.8314,55.8175
298,chickpea,March,Vegetative,7.10919,15.4667
299,chickpea,March,Vegetative,16.236,38.9688
300,chickpea,March,Vegetative,8.05616,0.422334
301,kidneybeans,March,Seedling,12.0535,69.1731
302,kidneybeans,March,Vegetative,8.92517,61.7523
303,kidneybeans,March,Vegetative,7.16683,39.7586
304,kidneybeans,March,Vegetative,8.55923,12.5642
305,kidneybeans,March,Vegetative,19.5134,77.1639
306,kidneybeans,March,Flowering,7.41623,79.622
307,kidneybeans,March,Seedling,9.43915,59.9813
308,kidneybeans,March,Seedling,13.2252,5.3734
309,kidneybeans,March,Flowering,15.6003,88.8449
310,kidneybeans,March,Flowering,5.71008,42.1677
311,kidneybeans,March,Flowering,15.0973,94.5703
312,kidneybeans,March,Flowering,19.1841,57.3659
313,kidneybeans,March,Flowering,6.79274,5.95112
314,kidneybeans,March,Vegetative,15.6556,94.7391
315,kidneybeans,March,Vegetative,19.314,11.9472
316,kidneybeans,March,Seedling,7.37479,57.8194
317,kidneybeans,March,Seedling,8.41163,75.9908
318,kidneybeans,March,Seedling,14.2121,16.4113
319,kidneybeans,March,Seedling,11.8715,18.6261
320,kidneybeans,March,Flowering,9.56066,83.5143
321,kidneybeans,March,Vegetative,11.863,92.6823
322,kidneybeans,March,Flowering,17.0805,85.8994
323,kidneybeans,March,Vegetative,15.8138,12.255
324,kidneybeans,March,Flowering,16.3593,40.6009
325,kidneybeans,March,Flowering,8.61873,50.3967
326,kidneybeans,March,Flowering,5.1813,81.1035
327,kidneybeans,March,Flowering,16.8391,43.5594
328,kidneybeans,March,Seedling,7.806,58.0785
329,kidneybeans,March,Seedling,13.0298,96.1328
330,kidneybeans,March,Vegetative,8.47872,23.385
331,kidneybeans,March,Seedling,8.55601,3.36589
332,kidneybeans,March,Flowering,8.80479,22.2119
333,kidneybeans,March,Vegetative,5.88138,31.651
334,kidneybeans,March,Seedling,6.14677,68.8163
335,kidneybeans,March,Seedling,11.4537,29.4204
336,kidneybeans,March,Seedling,16.8407,48.7022
337,kidneybeans,March,Seedling,17.2804,23.5101
338,kidneybeans,March,Seedling,15.164,11.3757
339,kidneybeans,March,Vegetative,12.9018,54.9029
340,kidneybeans,March,Flowering,10.9141,16.9753
341,kidneybeans,March,Flowering,18.7239,65.5699
342,kidneybeans,March,Flowering,7.50484,62.8979
343,kidneybeans,March,Flowering,17.4193,95.8202
344,kidneybeans,March,Flowering,10.7152,38.8255
345,kidneybeans,March,Flowering,18.7702,50.5635
346,kidneybeans,March,Flowering,18.5626,77.091
347,kidneybeans,March,Vegetative,18.3596,77.761
348,kidneybeans,March,Seedling,14.1001,78.7707
349,kidneybeans,March,Vegetative,11.1783,89.5975
350,kidneybeans,March,Flowering,9.01375,4.57249
351,kidneybeans,March,Flowering,8.05097,17.6862
352,kidneybeans,March,Vegetative,16.8139,98.7758
353,kidneybeans,March,Vegetative,19.4014,20.2247
354,kidneybeans,March,Vegetative,8.75104,70.0999
355,kidneybeans,March,Seedling,16.1497,29.737
356,kidneybeans,March,Seedling,18.5727,4.00135
357,kidneybeans,March,Flowering,11.5547,6.7797
358,kidneybeans,March,Flowering,16.3791,27.4949
359,kidneybeans,March,Seedling,10.8125,25.3932
360,kidneybeans,March,Flowering,5.63024,4.35731
361,kidneybeans,March,Vegetative,9.50625,69.2127
362,kidneybeans,March,Vegetative,13.787,47.6944
363,kidneybeans,March,Flowering,8.61157,92.299
364,kidneybeans,March,Vegetative,14.2693,78.4409
365,kidneybeans,March,Flowering,7.90674,37.9309
366,kidneybeans,March,Seedling,12.2012,74.8253
367,kidneybeans,March,Flowering,15.68,41.0458
368,kidneybeans,March,Vegetative,8.20188,39.6559
369,kidneybeans,March,Seedling,15.9986,71.6034
370,kidneybeans,March,Seedling,11.4746,77.2951
371,kidneybeans,March,Vegetative,6.76209,64.1272
372,kidneybeans,March,Vegetative,6.29408,79.9166
373,kidneybeans,March,Seedling,14.6201,76.4728
374,kidneybeans,March,Flowering,12.9262,12.0437
375,kidneybeans,March,Flowering,16.9139,45.3882
376,kidneybeans,March,Vegetative,10.8733,34.3087
377,kidneybeans,March,Seedling,6.34036,7.1283
378,kidneybeans,March,Flowering,10.2519,29.4881
379,kidneybeans,March,Seedling,5.45055,18.5822
380,kidneybeans,March,Flowering,19.2122,47.8516
381,kidneybeans,March,Seedling,17.0417,53.3125
382,kidneybeans,March,Seedling,17.7302,85.0918
383,kidneybeans,March,Vegetative,9.34184,76.6254
384,kidneybeans,March,Vegetative,16.2891,82.4789
385,kidneybeans,March,Seedling,8.82907,93.2637
386,kidneybeans,March,Seedling,11.2824,60.6327
387,kidneybeans,March,Vegetative,18.1769,59.2214
388,kidneybeans,March,Flowering,14.7005,57.5834
389,kidneybeans,March,Flowering,8.69848,53.9565
390,kidneybeans,March,Flowering,5.8998,0.970525
391,kidneybeans,March,Vegetative,19.1938,35.9048
392,kidneybeans,March,Seedling,17.6463,4.34227
393,kidneybeans,March,Vegetative,13.9422,66.3276
394,kidneybeans,March,Seedling,18.5127,6.24649
395,kidneybeans,March,Vegetative,19.8188,77.5561
396,kidneybeans,March,Vegetative,11.1305,86.3386
397,kidneybeans,March,Flowering,13.9653,27.778
398,kidneybeans,March,Seedling,19.1868,22.3431
399,kidneybeans,March,Flowering,8.3616,25.6991
400,kidneybeans,March,Seedling,18.817,56.9713
401,pigeonpeas,March,Seedling,13.2357,97.1784
402,pigeonpeas,March,Vegetative,5.14052,18.3456
403,pigeonpeas,March,Flowering,12.0601,28.448
404,pigeonpeas,March,Seedling,15.2363,70.1541
405,pigeonpeas,March,Seedling,5.87845,10.3955
406,pigeonpeas,March,Vegetative,19.7807,77.8945
407,pigeonpeas,March,Seedling,9.61165,80.1203
408,pigeonpeas,March,Flowering,8.10019,10.8883
409,pigeonpeas,March,Vegetative,16.6162,8.90476
410,pigeonpeas,March,Seedling,11.9359,39.2726
411,pigeonpeas,March,Seedling,19.861,86.5099
412,pigeonpeas,March,Vegetative,10.1723,54.7395
413,pigeonpeas,March,Vegetative,10.0132,45.2167
414,pigeonpeas,March,Seedling,10.5462,17.9689
415,pigeonpeas,March,Flowering,10.0531,31.7246
416,pigeonpeas,March,Vegetative,5.93252,56.0891
417,pigeonpeas,March,Vegetative,9.52018,21.3787
418,pigeonpeas,March,Vegetative,5.37878,71.7876
419,pigeonpeas,March,Flowering,6.17496,19.9561
420,pigeonpeas,March,Flowering,16.768,84.245
421,pigeonpeas,March,Vegetative,5.81532,8.52724
422,pigeonpeas,March,Vegetative,12.7897,88.7207
423,pigeonpeas,March,Vegetative,11.9891,85.1298
424,pigeonpeas,March,Vegetative,18.0762,6.68531
425,pigeonpeas,March,Seedling,16.1892,10.856
426,pigeonpeas,March,Vegetative,12.97,4.36764
427,pigeonpeas,March,Flowering,16.8656,78.3386
428,pigeonpeas,March,Vegetative,7.40473,82.3013
429,pigeonpeas,March,Seedling,13.4966,0.70683
430,pigeonpeas,March,Seedling,19.4458,44.7096
431,pigeonpeas,March,Seedling,12.013,55.2881
432,pigeonpeas,March,Seedling,7.40824,20.4983
433,pigeonpeas,March,Seedling,11.0778,1.38828
434,pigeonpeas,March,Flowering,7.26095,96.4757
435,pigeonpeas,March,Flowering,12.8586,64.1397
436,pigeonpeas,March,Vegetative,11.4356,85.037
437,pigeonpeas,March,Vegetative,18.8305,95.7619
438,pigeonpeas,March,Seedling,7.77568,22.1226
439,pigeonpeas,March,Flowering,6.68382,36.9339
440,pigeonpeas,March,Seedling,15.8618,23.6689
441,pigeonpeas,March,Flowering,15.8206,12.7932
442,pigeonpeas,March,Seedling,7.29317,20.9978
443,pigeonpeas,March,Seedling,13.1131,10.7834
444,pigeonpeas,March,Flowering,11.8322,93.5216
445,pigeonpeas,March,Flowering,13.3829,50.241
446,pigeonpeas,March,Vegetative,17.1112,92.4469
447,pigeonpeas,March,Vegetative,17.3585,54.967
448,pigeonpeas,March,Flowering,12.6607,74.6636
449,pigeonpeas,March,Flowering,9.84355,76.0637
450,pigeonpeas,March,Seedling,12.9545,46.1068
451,pigeonpeas,March,Flowering,8.61527,19.4802
452,pigeonpeas,March,Vegetative,17.5828,14.167
453,pigeonpeas,March,Flowering,11.0633,88.4786
454,pigeonpeas,March,Vegetative,16.179,63.002
455,pigeonpeas,March,Flowering,7.19428,92.0726
456,pigeonpeas,March,Vegetative,8.55408,72.1854
457,pigeonpeas,March,Vegetative,15.8771,36.8303
458,pigeonpeas,March,Flowering,16.9537,11.3576
459,pigeonpeas,March,Flowering,8.91002,24.0589
460,pigeonpeas,March,Vegetative,7.37054,96.8242
461,pigeonpeas,March,Flowering,15.1886,64.3443
462,pigeonpeas,March,Seedling,11.4655,13.7762
463,pigeonpeas,March,Vegetative,17.7552,19.469
464,pigeonpeas,March,Vegetative,7.81538,2.27727
465,pigeonpeas,March,Flowering,17.9671,26.9059
466,pigeonpeas,March,Seedling,5.575,20.4163
467,pigeonpeas,March,Vegetative,8.64198,45.6088
468,pigeonpeas,March,Flowering,16.2136,18.8052
469,pigeonpeas,March,Vegetative,13.2552,51.9682
470,pigeonpeas,March,Vegetative,13.5012,13.9987
471,pigeonpeas,March,Flowering,5.94917,54.1443
472,pigeonpeas,March,Seedling,12.2258,7.19424
473,pigeonpeas,March,Seedling,8.79781,45.8892
474,pigeonpeas,March,Seedling,17.368,77.7873
475,pigeonpeas,March,Seedling,9.07808,52.1508
476,pigeonpeas,March,Seedling,7.70369,6.41877
477,pigeonpeas,March,Seedling,19.9537,4.52419
478,pigeonpeas,March,Flowering,14.5862,56.2592
479,pigeonpeas,March,Vegetative,14.986,7.08997
480,pigeonpeas,March,Vegetative,5.80871,10.4473
481,pigeonpeas,March,Seedling,10.6846,22.6855
482,pigeonpeas,March,Seedling,19.2773,32.4974
483,pigeonpeas,March,Vegetative,11.7286,36.9009
484,pigeonpeas,March,Seedling,5.83519,95.8239
485,pigeonpeas,March,Flowering,19.017,94.7879
486,pigeonpeas,March,Seedling,14.5356,29.9013
487,pigeonpeas,March,Vegetative,6.45591,44.7845
488,pigeonpeas,March,Flowering,13.2411,76.0352
489,pigeonpeas,March,Seedling,10.8101,7.86346
490,pigeonpeas,March,Vegetative,8.62793,16.6067
491,pigeonpeas,March,Flowering,11.0233,10.2281
492,pigeonpeas,March,Seedling,18.5986,13.0343
493,pigeonpeas,March,Vegetative,16.0972,15.7336
494,pigeonpeas,March,Seedling,16.584,38.5895
495,pigeonpeas,March,Flowering,15.5284,97.483
496,pigeonpeas,March,Seedling,17.94,82.3484
497,pigeonpeas,March,Flowering,8.33261,85.2993
498,pigeonpeas,March,Flowering,10.7441,36.0734
499,pigeonpeas,March,Flowering,11.671,0.141749
500,pigeonpeas,March,Flowering,10.9095,82.9636
501,mothbeans,March,Flowering,17.554,72.3333
502,mothbeans,March,Vegetative,5.72788,69.0841
503,mothbeans,March,Seedling,11.9697,25.7288
504,mothbeans,March,Seedling,17.6169,51.6075
505,mothbeans,March,Seedling,9.65448,29.8839
506,mothbeans,March,Flowering,5.89013,99.9838
507,mothbeans,March,Seedling,17.1505,21.5155
508,mothbeans,March,Seedling,15.723,21.2871
509,mothbeans,March,Seedling,10.7053,98.8931
510,mothbeans,March,Flowering,17.4272,87.8448
511,mothbeans,March,Vegetative,18.8564,20.7597
512,mothbeans,March,Flowering,10.9851,64.7652
513,mothbeans,March,Seedling,16.8789,83.0098
514,mothbeans,March,Vegetative,18.5611,15.7565
515,mothbeans,March,Vegetative,13.964,15.7721
516,mothbeans,March,Vegetative,11.293,6.34371
517,mothbeans,March,Seedling,19.2284,56.8555
518,mothbeans,March,Seedling,15.5645,43.6053
519,mothbeans,March,Flowering,5.41336,57.9761
520,mothbeans,March,Flowering,8.17455,41.9684
521,mothbeans,March,Vegetative,5.12493,85.8473
522,mothbeans,March,Vegetative,18.7799,3.95924
523,mothbeans,March,Vegetative,17.2427,58.8989
524,mothbeans,March,Seedling,9.23422,27.906
525,mothbeans,March,Flowering,13.4497,52.3987
526,mothbeans,March,Seedling,17.6848,66.0938
527,mothbeans,March,Seedling,9.64327,93.7991
528,mothbeans,March,Seedling,5.20143,8.86483
529,mothbeans,March,Seedling,7.7139,36.0815
530,mothbeans,March,Vegetative,16.0013,14.3685
531,mothbeans,March,Flowering,10.1795,70.4831
532,mothbeans,March,Flowering,13.1087,94.1071
533,mothbeans,March,Flowering,5.96124,3.65384
534,mothbeans,March,Vegetative,16.8722,62.1035
535,mothbeans,March,Seedling,14.4945,72.9461
536,mothbeans,March,Flowering,19.2845,2.25365
537,mothbeans,March,Vegetative,7.14872,72.2877
538,mothbeans,March,Flowering,19.4411,10.3682
539,mothbeans,March,Flowering,14.3889,63.2182
540,mothbeans,March,Seedling,7.00269,50.6288
541,mothbeans,March,Seedling,14.6984,71.5187
542,mothbeans,March,Flowering,6.36205,94.5546
543,mothbeans,March,Flowering,14.7749,66.1427
544,mothbeans,March,Vegetative,19.1429,35.5978
545,mothbeans,March,Seedling,8.09285,79.7324
546,mothbeans,March,Vegetative,12.3564,97.5564
547,mothbeans,March,Flowering,7.17052,41.7868
548,mothbeans,March,Seedling,15.7936,94.0125
549,mothbeans,March,Vegetative,17.2805,66.9575
550,mothbeans,March,Vegetative,11.4449,28.9291
551,mothbeans,March,Flowering,12.0731,86.7742
552,mothbeans,March,Seedling,14.7166,55.1773
553,mothbeans,March,Flowering,15.0483,60.2101
554,mothbeans,March,Flowering,13.7485,63.3252
555,mothbeans,March,Vegetative,14.5372,35.892
556,mothbeans,March,Vegetative,16.1146,50.841
557,mothbeans,March,Seedling,11.4824,51.2911
558,mothbeans,March,Seedling,11.5586,91.4294
559,mothbeans,March,Flowering,5.28314,42.218
560,mothbeans,March,Flowering,12.567,99.0314
561,mothbeans,March,Flowering,10.3612,70.9591
562,mothbeans,March,Flowering,15.9775,91.9825
563,mothbeans,March,Seedling,16.7217,46.5962
564,mothbeans,March,Vegetative,8.62292,40.1415
565,mothbeans,March,Seedling,16.3001,65.6311
566,mothbeans,March,Vegetative,12.0037,90.9624
567,mothbeans,March,Flowering,17.2114,24.3821
568,mothbeans,March,Seedling,7.42921,85.5678
569,mothbeans,March,Vegetative,10.4822,9.12026
570,mothbeans,March,Vegetative,9.84796,52.114
571,mothbeans,March,Vegetative,19.1278,86.2181
572,mothbeans,March,Flowering,17.4928,99.8654
573,mothbeans,March,Flowering,10.1919,74.984
574,mothbeans,March,Vegetative,12.8098,18.1786
575,mothbeans,March,Seedling,18.1159,55.7419
576,mothbeans,March,Flowering,7.56641,68.5348
577,mothbeans,March,Flowering,6.81771,32.0731
578,mothbeans,March,Seedling,17.9761,49.7831
579,mothbeans,March,Flowering,9.83573,83.728
580,mothbeans,March,Seedling,12.9822,46.9871
581,mothbeans,March,Vegetative,14.4866,57.0628
582,mothbeans,March,Vegetative,7.63577,8.84601
583,mothbeans,March,Seedling,18.8509,81.6431
584,mothbeans,March,Vegetative,10.184,18.3218
585,mothbeans,March,Seedling,7.92812,17.9254
586,mothbeans,March,Seedling,10.7889,99.9545
587,mothbeans,March,Flowering,6.70754,91.0897
588,mothbeans,March,Flowering,18.6872,21.3562
589,mothbeans,March,Seedling,18.2014,32.268
590,mothbeans,March,Vegetative,15.0579,9.31917
591,mothbeans,March,Vegetative,15.5175,22.0083
592,mothbeans,March,Flowering,11.9256,87.5875
593,mothbeans,March,Seedling,6.95244,66.3834
594,mothbeans,March,Flowering,15.3175,41.3041
595,mothbeans,March,Vegetative,9.13771,65.0614
596,mothbeans,March,Vegetative,15.8694,47.7992
597,mothbeans,March,Vegetative,9.97962,71.0621
598,mothbeans,March,Vegetative,17.6777,10.6273
599,mothbeans,March,Flowering,5.61736,39.62
600,mothbeans,March,Flowering,8.75228,24.3282
601,mungbean,March,Seedling,12.0572,13.6346
602,mungbean,March,Seedling,17.765,56.7953
603,mungbean,March,Vegetative,14.0392,10.9058
604,mungbean,March,Vegetative,15.8475,55.3108
605,mungbean,March,Seedling,10.1714,66.4312
606,mungbean,March,Vegetative,19.1653,7.66395
607,mungbean,March,Seedling,18.887,95.8216
608,mungbean,March,Seedling,16.8346,87.3465
609,mungbean,March,Vegetative,14.7385,35.7165
610,mungbean,March,Seedling,6.19093,93.8264
611,mungbean,March,Vegetative,10.8693,53.7577
612,mungbean,March,Vegetative,16.3531,97.9102
613,mungbean,March,Flowering,15.4063,37.2379
614,mungbean,March,Vegetative,7.40111,68.3049
615,mungbean,March,Flowering,15.8687,64.9714
616,mungbean,March,Flowering,18.3287,62.7217
617,mungbean,March,Seedling,8.3621,16.3927
618,mungbean,March,Flowering,18.1979,57.6509
619,mungbean,March,Seedling,8.36549,18.2129
620,mungbean,March,Flowering,14.8382,31.8049
621,mungbean,March,Flowering,17.6237,80.9967
622,mungbean,March,Flowering,6.37926,33.7951
623,mungbean,March,Vegetative,10.3935,83.8898
624,mungbean,March,Seedling,8.62462,21.9878
625,mungbean,March,Seedling,7.53453,82.2644
626,mungbean,March,Vegetative,14.3451,35.3794
627,mungbean,March,Seedling,15.4303,70.7737
628,mungbean,March,Flowering,8.57678,47.0076
629,mungbean,March,Flowering,8.69735,2.39985
630,mungbean,March,Seedling,15.5845,90.9848
631,mungbean,March,Vegetative,10.9896,81.4351
632,mungbean,March,Flowering,14.3805,34.6235
633,mungbean,March,Seedling,9.55231,32.8152
634,mungbean,March,Seedling,7.4764,59.3062
635,mungbean,March,Seedling,14.7563,59.4248
636,mungbean,March,Seedling,5.74185,36.6231
637,mungbean,March,Vegetative,14.5746,3.5893
638,mungbean,March,Flowering,13.952,49.5199
639,mungbean,March,Flowering,8.97536,98.0825
640,mungbean,March,Vegetative,15.9879,59.0338
641,mungbean,March,Flowering,13.3035,62.5161
642,mungbean,March,Vegetative,5.35273,17.9854
643,mungbean,March,Seedling,7.07268,92.8416
644,mungbean,March,Flowering,17.0367,61.5595
645,mungbean,March,Vegetative,11.9367,11.9209
646,mungbean,March,Vegetative,17.6681,58.6193
647,mungbean,March,Vegetative,7.16888,33.0834
648,mungbean,March,Vegetative,19.926,58.6989
649,mungbean,March,Flowering,19.0679,71.1243
650,mungbean,March,Seedling,11.2268,96.165
651,mungbean,March,Flowering,16.5251,81.153
652,mungbean,March,Seedling,9.10831,87.99
653,mungbean,March,Flowering,15.3895,82.5825
654,mungbean,March,Vegetative,17.4933,19.0462
655,mungbean,March,Flowering,15.9476,90.2153
656,mungbean,March,Seedling,18.8892,79.5342
657,mungbean,March,Seedling,14.8546,37.481
658,mungbean,March,Flowering,5.36759,68.0882
659,mungbean,March,Vegetative,10.3701,51.6667
660,mungbean,March,Seedling,14.8286,84.2302
661,mungbean,March,Flowering,16.7071,1.81434
662,mungbean,March,Flowering,18.2027,54.3887
663,mungbean,March,Vegetative,13.9307,67.0944
664,mungbean,March,Vegetative,8.05882,35.6858
665,mungbean,March,Vegetative,11.9038,97.6203
666,mungbean,March,Vegetative,19.8003,83.4355
667,mungbean,March,Vegetative,6.62902,69.5676
668,mungbean,March,Vegetative,11.4925,74.3662
669,mungbean,March,Vegetative,13.347,13.0185
670,mungbean,March,Seedling,17.2698,39.5008
671,mungbean,March,Vegetative,5.66943,87.522
672,mungbean,March,Seedling,5.98197,40.6854
673,mungbean,March,Vegetative,17.0886,62.3685
674,mungbean,March,Vegetative,8.18067,67.2417
675,mungbean,March,Flowering,17.4464,80.3108
676,mungbean,March,Vegetative,14.5828,10.1652
677,mungbean,March,Seedling,17.9953,22.7709
678,mungbean,March,Vegetative,5.12003,57.9808
679,mungbean,March,Flowering,9.14622,17.3052
680,mungbean,March,Seedling,12.3514,74.0018
681,mungbean,March,Flowering,7.45629,57.4432
682,mungbean,March,Vegetative,8.17317,54.5528
683,mungbean,March,Vegetative,13.1827,31.6291
684,mungbean,March,Vegetative,5.49386,31.0275
685,mungbean,March,Seedling,6.01346,58.6514
686,mungbean,March,Seedling,13.9373,34.7437
687,mungbean,March,Seedling,13.1011,72.913
688,mungbean,March,Flowering,8.86087,68.0166
689,mungbean,March,Vegetative,11.824,90.9847
690,mungbean,March,Flowering,10.8166,0.06569
691,mungbean,March,Flowering,7.57263,5.99329
692,mungbean,March,Vegetative,9.16052,27.8176
693,mungbean,March,Seedling,13.6727,56.809
694,mungbean,March,Vegetative,13.2669,45.2103
695,mungbean,March,Flowering,8.24665,20.1668
696,mungbean,March,Flowering,7.42202,57.2375
697,mungbean,March,Vegetative,18.2568,53.1558
698,mungbean,March,Vegetative,13.06,90.8676
699,mungbean,March,Seedling,17.0704,7.99699
700,mungbean,March,Seedling,11.2734,53.506
701,blackgram,March,Flowering,11.0144,19.4392
702,blackgram,March,Vegetative,14.3329,54.3909
703,blackgram,March,Seedling,11.7838,17.8371
704,blackgram,March,Flowering,10.5712,11.0118
705,blackgram,March,Flowering,14.8698,43.6551
706,blackgram,March,Flowering,6.56307,58.8067
707,blackgram,March,Seedling,16.6026,61.2895
708,blackgram,March,Vegetative,17.9433,22.0031
709,blackgram,March,Vegetative,14.1317,8.94864
710,blackgram,March,Seedling,11.2298,30.0866
711,blackgram,March,Flowering,18.4876,46.9015
712,blackgram,March,Flowering,5.06714,59.843
713,blackgram,March,Seedling,13.026,8.1125
714,blackgram,March,Vegetative,11.9333,13.2896
715,blackgram,March,Vegetative,6.39693,46.9702
716,blackgram,March,Flowering,18.0753,29.065
717,blackgram,March,Seedling,16.5438,93.1595
718,blackgram,March,Seedling,15.1313,84.3079
719,blackgram,March,Seedling,16.889,61.0657
720,blackgram,March,Vegetative,15.3136,12.9089
721,blackgram,March,Vegetative,11.5301,30.1378
722,blackgram,March,Vegetative,5.58014,79.2006
723,blackgram,March,Vegetative,18.832,10.0371
724,blackgram,March,Seedling,15.2914,86.8807
725,blackgram,March,Flowering,9.35455,72.4139
726,blackgram,March,Vegetative,9.29537,19.5639
727,blackgram,March,Vegetative,19.0718,51.7777
728,blackgram,March,Flowering,15.3198,48.1615
729,blackgram,March,Flowering,11.0315,67.1738
730,blackgram,March,Vegetative,11.7926,31.5467
731,blackgram,March,Flowering,14.9718,42.1694
732,blackgram,March,Seedling,5.44525,71.7856
733,blackgram,March,Flowering,12.1996,54.2198
734,blackgram,March,Seedling,9.40768,98.9831
735,blackgram,March,Flowering,7.7336,12.9417
736,blackgram,March,Flowering,6.157,94.8478
737,blackgram,March,Flowering,15.3893,59.6608
738,blackgram,March,Seedling,10.1778,5.9588
739,blackgram,March,Vegetative,15.3173,22.8072
740,blackgram,March,Flowering,16.0984,34.5456
741,blackgram,March,Flowering,6.51028,59.2029
742,blackgram,March,Flowering,12.8328,25.2439
743,blackgram,March,Seedling,12.8365,56.881
744,blackgram,March,Flowering,18.1895,66.8057
745,blackgram,March,Vegetative,16.8601,79.9559
746,blackgram,March,Vegetative,15.8735,44.0988
747,blackgram,March,Vegetative,5.12111,40.3881
748,blackgram,March,Vegetative,9.90237,17.3701
749,blackgram,March,Flowering,16.6499,41.8881
750,blackgram,March,Seedling,10.3604,22.1255
751,blackgram,March,Seedling,8.1366,37.223
752,blackgram,March,Seedling,9.03378,52.2812
753,blackgram,March,Flowering,10.972,16.1693
754,blackgram,March,Vegetative,15.2213,6.36318
755,blackgram,March,Vegetative,11.1053,76.3439
756,blackgram,March,Flowering,6.30293,0.465933
757,blackgram,March,Seedling,18.0918,66.6558
758,blackgram,March,Seedling,14.96,8.32582
759,blackgram,March,Seedling,8.37845,95.0071
760,blackgram,March,Flowering,15.6232,5.97336
761,blackgram,March,Flowering,12.1049,33.1168
762,blackgram,March,Flowering,7.33425,83.7618
763,blackgram,March,Vegetative,19.4741,39.8077
764,blackgram,March,Flowering,12.6432,24.7204
765,blackgram,March,Seedling,19.5201,95.3551
766,blackgram,March,Flowering,16.3293,10.4235
767,blackgram,March,Seedling,6.52602,0.639089
768,blackgram,March,Seedling,7.9093,35.7473
769,blackgram,March,Flowering,17.4422,20.1391
770,blackgram,March,Vegetative,14.0678,17.7077
771,blackgram,March,Seedling,9.34083,79.4634
772,blackgram,March,Seedling,14.4975,92.4287
773,blackgram,March,Flowering,7.55893,16.2112
774,blackgram,March,Vegetative,11.6423,31.42
775,blackgram,March,Seedling,12.1575,16.6622
776,blackgram,March,Seedling,12.2511,88.5911
777,blackgram,March,Seedling,12.4515,87.6265
778,blackgram,March,Flowering,19.287,81.9672
779,blackgram,March,Flowering,5.88552,20.9028
780,blackgram,March,Vegetative,17.9634,60.2421
781,blackgram,March,Seedling,6.57014,10.667
782,blackgram,March,Vegetative,15.155,35.588
783,blackgram,March,Vegetative,5.20574,37.3133
784,blackgram,March,Flowering,12.407,87.4481
785,blackgram,March,Vegetative,6.23391,64.0735
786,blackgram,March,Seedling,12.2083,21.3618
787,blackgram,March,Vegetative,17.8295,56.3135
788,blackgram,March,Flowering,18.6206,9.05536
789,blackgram,March,Vegetative,12.8059,38.3638
790,blackgram,March,Vegetative,14.9396,79.8182
791,blackgram,March,Vegetative,17.6667,98.7162
792,blackgram,March,Flowering,17.9976,20.9028
793,blackgram,March,Flowering,8.11409,73.4089
794,blackgram,March,Flowering,6.27399,5.85672
795,blackgram,March,Flowering,8.10603,91.0922
796,blackgram,March,Flowering,10.0647,6.70251
797,blackgram,March,Flowering,9.55975,61.0759
798,blackgram,March,Vegetative,9.11092,84.8526
799,blackgram,March,Seedling,10.0381,50.0873
800,blackgram,March,Seedling,8.25863,82.4418
801,lentil,March,Flowering,13.4966,52.363
802,lentil,March,Seedling,6.09958,82.1398
803,lentil,March,Flowering,15.7331,4.73979
804,lentil,March,Flowering,13.6866,77.7715
805,lentil,March,Seedling,5.88614,68.6561
806,lentil,March,Vegetative,8.69087,68.8168
807,lentil,March,Flowering,19.6093,90.3629
808,lentil,March,Vegetative,12.5371,80.3887
809,lentil,March,Seedling,12.8032,9.38896
810,lentil,March,Seedling,8.41505,81.9513
811,lentil,March,Flowering,8.65946,31.5768
812,lentil,March,Vegetative,13.8358,87.6389
813,lentil,March,Vegetative,9.15256,55.7164
814,lentil,March,Vegetative,12.1626,66.9207
815,lentil,March,Vegetative,15.6713,97.7559
816,lentil,March,Vegetative,13.0951,76.7759
817,lentil,March,Flowering,9.63147,5.02399
818,lentil,March,Seedling,11.4103,91.8576
819,lentil,March,Flowering,8.73169,97.8338
820,lentil,March,Seedling,15.993,68.2493
821,lentil,March,Flowering,12.5917,90.0202
822,lentil,March,Seedling,18.3372,87.7197
823,lentil,March,Seedling,13.5397,36.837
824,lentil,March,Seedling,13.7623,26.5375
825,lentil,March,Flowering,5.61382,21.6524
826,lentil,March,Seedling,11.9112,95.4002
827,lentil,March,Flowering,19.3865,59.1311
828,lentil,March,Vegetative,11.3113,15.2247
829,lentil,March,Seedling,17.2433,43.8241
830,lentil,March,Flowering,7.2222,3.7007
831,lentil,March,Vegetative,11.872,19.575
832,lentil,March,Vegetative,18.8623,6.99487
833,lentil,March,Flowering,12.0974,51.5621
834,lentil,March,Vegetative,17.3576,35.9934
835,lentil,March,Flowering,9.09582,18.2503
836,lentil,March,Flowering,10.2322,95.8019
837,lentil,March,Vegetative,19.1783,38.2549
838,lentil,March,Seedling,12.3011,19.4695
839,lentil,March,Seedling,15.9307,61.2056
840,lentil,March,Vegetative,6.7495,5.31133
841,lentil,March,Seedling,7.3841,28.9297
842,lentil,March,Vegetative,14.3734,46.6887
843,lentil,March,Vegetative,10.65,2.60706
844,lentil,March,Vegetative,5.40243,37.3743
845,lentil,March,Seedling,17.8165,4.44761
846,lentil,March,Vegetative,5.30003,88.7292
847,lentil,March,Vegetative,8.76289,70.7032
848,lentil,March,Seedling,13.3453,8.0459
849,lentil,March,Vegetative,11.8193,36.9555
850,lentil,March,Flowering,16.79,2.27434
851,lentil,March,Seedling,5.05138,72.9711
852,lentil,March,Vegetative,9.09299,62.9828
853,lentil,March,Vegetative,8.44122,44.5833
854,lentil,March,Seedling,8.33253,18.0081
855,lentil,March,Seedling,12.2113,38.5557
856,lentil,March,Vegetative,16.016,26.4752
857,lentil,March,Seedling,10.9785,20.9756
858,lentil,March,Flowering,16.9746,85.5369
859,lentil,March,Vegetative,6.88539,12.5305
860,lentil,March,Seedling,11.4513,34.6321
861,lentil,March,Flowering,8.33924,38.7073
862,lentil,March,Vegetative,12.3709,24.7586
863,lentil,March,Flowering,15.1596,43.5109
864,lentil,March,Flowering,16.7062,18.661
865,lentil,March,Flowering,16.7839,16.5944
866,lentil,March,Seedling,15.2391,78.6452
867,lentil,March,Vegetative,19.8041,30.049
868,lentil,March,Seedling,10.7133,53.0565
869,lentil,March,Seedling,10.9878,88.565
870,lentil,March,Flowering,15.3863,65.5144
871,lentil,March,Vegetative,14.8254,71.4881
872,lentil,March,Seedling,7.54242,5.33554
873,lentil,March,Seedling,7.27099,12.1164
874,lentil,March,Flowering,15.8397,29.3549
875,lentil,March,Flowering,17.7305,24.7643
876,lentil,March,Flowering,5.36869,18.2966
877,lentil,March,Seedling,15.7235,82.0784
878,lentil,March,Flowering,5.30941,87.1676
879,lentil,March,Seedling,12.683,42.6895
880,lentil,March,Vegetative,7.50365,97.2231
881,lentil,March,Seedling,6.67998,79.4179
882,lentil,March,Seedling,17.3552,77.4689
883,lentil,March,Seedling,6.18992,75.7591
884,lentil,March,Vegetative,9.99417,88.781
885,lentil,March,Flowering,8.60461,67.0786
886,lentil,March,Seedling,18.0139,85.8659
887,lentil,March,Seedling,6.51046,92.5136
888,lentil,March,Vegetative,9.70201,89.8679
889,lentil,March,Vegetative,13.2632,30.0212
890,lentil,March,Vegetative,7.83319,28.5909
891,lentil,March,Vegetative,14.2349,74.8055
892,lentil,March,Flowering,11.6897,39.8283
893,lentil,March,Vegetative,15.8077,71.1825
894,lentil,March,Seedling,11.0217,33.5675
895,lentil,March,Flowering,6.43101,94.2031
896,lentil,March,Seedling,18.1731,96.9324
897,lentil,March,Seedling,18.9321,40.3536
898,lentil,March,Flowering,19.5142,78.7989
899,lentil,March,Seedling,19.4572,90.0396
900,lentil,March,Flowering,9.3721,76.5489
901,pomegranate,March,Flowering,6.45673,74.8062
902,pomegranate,March,Flowering,17.7232,62.1662
903,pomegranate,March,Vegetative,9.5995,88.5818
904,pomegranate,March,Seedling,8.87935,72.6877
905,pomegranate,March,Vegetative,10.8122,90.3706
906,pomegranate,March,Seedling,19.399,14.7434
907,pomegranate,March,Flowering,9.14566,99.9068
908,pomegranate,March,Flowering,15.4135,25.0973
909,pomegranate,March,Flowering,15.2884,70.9991
910,pomegranate,March,Flowering,10.7703,83.3181
911,pomegranate,March,Vegetative,10.3849,87.2185
912,pomegranate,March,Flowering,16.5374,78.8109
913,pomegranate,March,Vegetative,12.8816,83.3601
914,pomegranate,March,Flowering,9.50302,88.0677
915,pomegranate,March,Vegetative,11.0355,53.778
916,pomegranate,March,Flowering,13.7713,63.4684
917,pomegranate,March,Flowering,14.0192,64.9272
918,pomegranate,March,Flowering,13.2391,4.16389
919,pomegranate,March,Vegetative,11.9238,95.701
920,pomegranate,March,Seedling,12.6692,86.5652
921,pomegranate,March,Flowering,18.9603,61.0681
922,pomegranate,March,Seedling,12.274,4.24956
923,pomegranate,March,Vegetative,13.5014,27.4959
924,pomegranate,March,Vegetative,9.14679,40.421
925,pomegranate,March,Vegetative,16.4815,6.45392
926,pomegranate,March,Seedling,14.9353,45.7637
927,pomegranate,March,Seedling,15.7501,55.3393
928,pomegranate,March,Vegetative,5.8281,43.6901
929,pomegranate,March,Seedling,13.9789,2.89755
930,pomegranate,March,Vegetative,9.66444,52.1893
931,pomegranate,March,Vegetative,9.11829,74.9876
932,pomegranate,March,Vegetative,11.8689,6.94934
933,pomegranate,March,Seedling,14.4618,99.0858
934,pomegranate,March,Flowering,11.0463,75.9515
935,pomegranate,March,Vegetative,7.41636,66.2019
936,pomegranate,March,Flowering,18.3966,34.0822
937,pomegranate,March,Seedling,10.4368,77.3104
938,pomegranate,March,Vegetative,13.5135,78.0826
939,pomegranate,March,Vegetative,5.46829,95.7241
940,pomegranate,March,Vegetative,14.0608,97.9491
941,pomegranate,March,Seedling,16.1057,60.2278
942,pomegranate,March,Seedling,7.26459,34.8814
943,pomegranate,March,Seedling,5.08449,21.899
944,pomegranate,March,Flowering,17.1987,83.1857
945,pomegranate,March,Vegetative,6.69487,38.2624
946,pomegranate,March,Seedling,14.9533,58.4578
947,pomegranate,March,Vegetative,7.40076,66.8141
948,pomegranate,March,Vegetative,13.0375,60.9909
949,pomegranate,March,Seedling,7.19398,56.3912
950,pomegranate,March,Seedling,16.4211,98.9338
951,pomegranate,March,Flowering,19.5806,95.1564
952,pomegranate,March,Flowering,11.5099,53.3186
953,pomegranate,March,Vegetative,5.92709,26.6268
954,pomegranate,March,Flowering,14.609,2.59363
955,pomegranate,March,Vegetative,9.25856,99.9457
956,pomegranate,March,Seedling,19.4787,1.48888
957,pomegranate,March,Seedling,9.6623,88.9053
958,pomegranate,March,Flowering,10.2788,92.2833
959,pomegranate,March,Vegetative,17.8569,18.6581
960,pomegranate,March,Seedling,9.15516,29.4799
961,pomegranate,March,Seedling,13.7737,6.1717
962,pomegranate,March,Flowering,16.3446,35.5265
963,pomegranate,March,Vegetative,19.984,38.8148
964,pomegranate,March,Seedling,8.35042,5.47618
965,pomegranate,March,Vegetative,5.07029,90.5005
966,pomegranate,March,Flowering,16.7361,84.8488
967,pomegranate,March,Vegetative,17.2538,95.5667
968,pomegranate,March,Seedling,5.27385,8.60483
969,pomegranate,March,Seedling,11.1099,24.6739
970,pomegranate,March,Seedling,9.08979,1.85238
971,pomegranate,March,Seedling,18.9255,43.8449
972,pomegranate,March,Vegetative,18.0495,22.3402
973,pomegranate,March,Vegetative,18.229,73.967
974,pomegranate,March,Seedling,15.6594,82.4075
975,pomegranate,March,Seedling,16.1679,23.8495
976,pomegranate,March,Seedling,7.62937,69.0243
977,pomegranate,March,Seedling,7.33727,75.3066
978,pomegranate,March,Flowering,13.7135,26.8477
979,pomegranate,March,Seedling,18.8035,39.743
980,pomegranate,March,Flowering,19.1848,21.2807
981,pomegranate,March,Seedling,18.3303,59.5555
982,pomegranate,March,Seedling,5.7868,80.9094
983,pomegranate,March,Flowering,11.0026,43.7125
984,pomegranate,March,Seedling,19.8184,95.7134
985,pomegranate,March,Seedling,10.6501,13.0484
986,pomegranate,March,Seedling,14.3,13.7317
987,pomegranate,March,Flowering,5.87785,38.3636
988,pomegranate,March,Flowering,18.5016,51.7862
989,pomegranate,March,Seedling,11.5852,34.8361
990,pomegranate,March,Vegetative,5.29185,92.7967
991,pomegranate,March,Vegetative,12.1027,40.7574
992,pomegranate,March,Vegetative,10.1195,36.8159
993,pomegranate,March,Flowering,13.4449,62.9685
994,pomegranate,March,Seedling,9.42008,80.8737
995,pomegranate,March,Seedling,12.5978,33.5725
996,pomegranate,March,Vegetative,14.5369,24.4459
997,pomegranate,March,Vegetative,17.1736,82.5217
998,pomegranate,March,Vegetative,13.7619,54.2766
999,pomegranate,March,Seedling,19.7862,29.6788
1000,pomegranate,March,Vegetative,11.2271,41.9938
